{
    "counter": {
        "ACTIVE": 161293,
        "INACTIVE": 2,
        "INVALID": 0,
        "MALICIOUS": 0,
        "SANE": 0,
        "VALID": 0,
        "total": 161295
    },
    "percentage": {
        "ACTIVE": 99.99876003595895,
        "INACTIVE": 0.008532059212490934,
        "INVALID": 0,
        "MALICIOUS": 0,
        "SANE": 0,
        "VALID": 0,
        "total": 100.00729209517144
    }
}