{
    "counter": {
        "ACTIVE": 1575,
        "INACTIVE": 229,
        "INVALID": 0,
        "MALICIOUS": 0,
        "SANE": 0,
        "VALID": 0,
        "total": 1804
    },
    "percentage": {
        "ACTIVE": 87.3059866962306,
        "INACTIVE": 12.98922291548497,
        "INVALID": 0,
        "MALICIOUS": 0,
        "SANE": 0,
        "VALID": 0,
        "total": 100.29520961171558
    }
}