{
    "counter": {
        "ACTIVE": 1275,
        "INACTIVE": 16,
        "INVALID": 0,
        "MALICIOUS": 0,
        "SANE": 0,
        "VALID": 0,
        "total": 1291
    },
    "percentage": {
        "ACTIVE": 98.76065065840434,
        "INACTIVE": 1.412180052956752,
        "INVALID": 0,
        "MALICIOUS": 0,
        "SANE": 0,
        "VALID": 0,
        "total": 100.1728307113611
    }
}