{
    "counter": {
        "ACTIVE": 196780,
        "INACTIVE": 2,
        "INVALID": 0,
        "MALICIOUS": 0,
        "SANE": 0,
        "VALID": 0,
        "total": 196782
    },
    "percentage": {
        "ACTIVE": 99.99898364687827,
        "INACTIVE": 0.008532059212490934,
        "INVALID": 0,
        "MALICIOUS": 0,
        "SANE": 0,
        "VALID": 0,
        "total": 100.00751570609076
    }
}