{
    "counter": {
        "ACTIVE": 1067,
        "INACTIVE": 3,
        "INVALID": 0,
        "MALICIOUS": 0,
        "SANE": 0,
        "VALID": 0,
        "total": 1070
    },
    "percentage": {
        "ACTIVE": 99.7196261682243,
        "INACTIVE": 0.3508771929824561,
        "INVALID": 0,
        "MALICIOUS": 0,
        "SANE": 0,
        "VALID": 0,
        "total": 100.07050336120675
    }
}