{
    "counter": {
        "ACTIVE": 168612,
        "INACTIVE": 2,
        "INVALID": 0,
        "MALICIOUS": 0,
        "SANE": 0,
        "VALID": 0,
        "total": 168614
    },
    "percentage": {
        "ACTIVE": 99.99881385887294,
        "INACTIVE": 0.008532059212490934,
        "INVALID": 0,
        "MALICIOUS": 0,
        "SANE": 0,
        "VALID": 0,
        "total": 100.00734591808542
    }
}