{
    "counter": {
        "ACTIVE": 163103,
        "INACTIVE": 2,
        "INVALID": 0,
        "MALICIOUS": 0,
        "SANE": 0,
        "VALID": 0,
        "total": 163105
    },
    "percentage": {
        "ACTIVE": 99.99877379602097,
        "INACTIVE": 0.008532059212490934,
        "INVALID": 0,
        "MALICIOUS": 0,
        "SANE": 0,
        "VALID": 0,
        "total": 100.00730585523345
    }
}