{
    "counter": {
        "ACTIVE": 187564,
        "INACTIVE": 2,
        "INVALID": 0,
        "MALICIOUS": 0,
        "SANE": 0,
        "VALID": 0,
        "total": 187566
    },
    "percentage": {
        "ACTIVE": 99.99893370866788,
        "INACTIVE": 0.008532059212490934,
        "INVALID": 0,
        "MALICIOUS": 0,
        "SANE": 0,
        "VALID": 0,
        "total": 100.00746576788036
    }
}