{
    "counter": {
        "ACTIVE": 222925,
        "INACTIVE": 2,
        "INVALID": 0,
        "MALICIOUS": 0,
        "SANE": 0,
        "VALID": 0,
        "total": 222927
    },
    "percentage": {
        "ACTIVE": 99.99910284532605,
        "INACTIVE": 0.008532059212490934,
        "INVALID": 0,
        "MALICIOUS": 0,
        "SANE": 0,
        "VALID": 0,
        "total": 100.00763490453853
    }
}