{
    "counter": {
        "ACTIVE": 216978,
        "INACTIVE": 2,
        "INVALID": 0,
        "MALICIOUS": 0,
        "SANE": 0,
        "VALID": 0,
        "total": 216980
    },
    "percentage": {
        "ACTIVE": 99.99907825606047,
        "INACTIVE": 0.008532059212490934,
        "INVALID": 0,
        "MALICIOUS": 0,
        "SANE": 0,
        "VALID": 0,
        "total": 100.00761031527296
    }
}