{
    "counter": {
        "ACTIVE": 1213,
        "INACTIVE": 136,
        "INVALID": 0,
        "MALICIOUS": 0,
        "SANE": 0,
        "VALID": 0,
        "total": 1349
    },
    "percentage": {
        "ACTIVE": 89.91845811712379,
        "INACTIVE": 10.287443267776096,
        "INVALID": 0,
        "MALICIOUS": 0,
        "SANE": 0,
        "VALID": 0,
        "total": 100.20590138489989
    }
}