{
    "counter": {
        "ACTIVE": 1911,
        "INACTIVE": 21,
        "INVALID": 0,
        "MALICIOUS": 0,
        "SANE": 0,
        "VALID": 0,
        "total": 1932
    },
    "percentage": {
        "ACTIVE": 98.91304347826087,
        "INACTIVE": 1.2696493349455864,
        "INVALID": 0,
        "MALICIOUS": 0,
        "SANE": 0,
        "VALID": 0,
        "total": 100.18269281320646
    }
}