{
    "counter": {
        "ACTIVE": 223422,
        "INACTIVE": 2,
        "INVALID": 0,
        "MALICIOUS": 0,
        "SANE": 0,
        "VALID": 0,
        "total": 223424
    },
    "percentage": {
        "ACTIVE": 99.99910484101977,
        "INACTIVE": 0.008532059212490934,
        "INVALID": 0,
        "MALICIOUS": 0,
        "SANE": 0,
        "VALID": 0,
        "total": 100.00763690023226
    }
}