{
    "counter": {
        "ACTIVE": 126480,
        "INACTIVE": 2,
        "INVALID": 0,
        "MALICIOUS": 0,
        "SANE": 0,
        "VALID": 0,
        "total": 126482
    },
    "percentage": {
        "ACTIVE": 99.99841874733164,
        "INACTIVE": 0.008532059212490934,
        "INVALID": 0,
        "MALICIOUS": 0,
        "SANE": 0,
        "VALID": 0,
        "total": 100.00695080654413
    }
}