{
    "counter": {
        "ACTIVE": 201342,
        "INACTIVE": 2,
        "INVALID": 0,
        "MALICIOUS": 0,
        "SANE": 0,
        "VALID": 0,
        "total": 201344
    },
    "percentage": {
        "ACTIVE": 99.99900667514304,
        "INACTIVE": 0.008532059212490934,
        "INVALID": 0,
        "MALICIOUS": 0,
        "SANE": 0,
        "VALID": 0,
        "total": 100.00753873435552
    }
}