{
    "counter": {
        "ACTIVE": 835,
        "INACTIVE": 588,
        "INVALID": 1,
        "MALICIOUS": 0,
        "SANE": 0,
        "VALID": 0,
        "total": 1424
    },
    "percentage": {
        "ACTIVE": 58.678847505270554,
        "INACTIVE": 41.29213483146067,
        "INVALID": 0.3875968992248062,
        "MALICIOUS": 0,
        "SANE": 0,
        "VALID": 0,
        "total": 100.35857923595603
    }
}