{
    "counter": {
        "ACTIVE": 156317,
        "INACTIVE": 2,
        "INVALID": 0,
        "MALICIOUS": 0,
        "SANE": 0,
        "VALID": 0,
        "total": 156319
    },
    "percentage": {
        "ACTIVE": 99.9987205649985,
        "INACTIVE": 0.008532059212490934,
        "INVALID": 0,
        "MALICIOUS": 0,
        "SANE": 0,
        "VALID": 0,
        "total": 100.00725262421098
    }
}