{
    "counter": {
        "ACTIVE": 110792,
        "INACTIVE": 2,
        "INVALID": 0,
        "MALICIOUS": 0,
        "SANE": 0,
        "VALID": 0,
        "total": 110794
    },
    "percentage": {
        "ACTIVE": 99.99819484809646,
        "INACTIVE": 0.008532059212490934,
        "INVALID": 0,
        "MALICIOUS": 0,
        "SANE": 0,
        "VALID": 0,
        "total": 100.00672690730894
    }
}