{
    "counter": {
        "ACTIVE": 248167,
        "INACTIVE": 2,
        "INVALID": 0,
        "MALICIOUS": 0,
        "SANE": 0,
        "VALID": 0,
        "total": 248169
    },
    "percentage": {
        "ACTIVE": 99.99919409757061,
        "INACTIVE": 0.008532059212490934,
        "INVALID": 0,
        "MALICIOUS": 0,
        "SANE": 0,
        "VALID": 0,
        "total": 100.0077261567831
    }
}