{
    "counter": {
        "ACTIVE": 121434,
        "INACTIVE": 2,
        "INVALID": 0,
        "MALICIOUS": 0,
        "SANE": 0,
        "VALID": 0,
        "total": 121436
    },
    "percentage": {
        "ACTIVE": 99.99835304193155,
        "INACTIVE": 0.008532059212490934,
        "INVALID": 0,
        "MALICIOUS": 0,
        "SANE": 0,
        "VALID": 0,
        "total": 100.00688510114404
    }
}