{
    "counter": {
        "ACTIVE": 184294,
        "INACTIVE": 2,
        "INVALID": 0,
        "MALICIOUS": 0,
        "SANE": 0,
        "VALID": 0,
        "total": 184296
    },
    "percentage": {
        "ACTIVE": 99.99891478925207,
        "INACTIVE": 0.008532059212490934,
        "INVALID": 0,
        "MALICIOUS": 0,
        "SANE": 0,
        "VALID": 0,
        "total": 100.00744684846455
    }
}