{
    "counter": {
        "ACTIVE": 131662,
        "INACTIVE": 2,
        "INVALID": 0,
        "MALICIOUS": 0,
        "SANE": 0,
        "VALID": 0,
        "total": 131664
    },
    "percentage": {
        "ACTIVE": 99.99848098189331,
        "INACTIVE": 0.008532059212490934,
        "INVALID": 0,
        "MALICIOUS": 0,
        "SANE": 0,
        "VALID": 0,
        "total": 100.0070130411058
    }
}