{
    "counter": {
        "ACTIVE": 124105,
        "INACTIVE": 2,
        "INVALID": 0,
        "MALICIOUS": 0,
        "SANE": 0,
        "VALID": 0,
        "total": 124107
    },
    "percentage": {
        "ACTIVE": 99.99838848735365,
        "INACTIVE": 0.008532059212490934,
        "INVALID": 0,
        "MALICIOUS": 0,
        "SANE": 0,
        "VALID": 0,
        "total": 100.00692054656614
    }
}