{
    "counter": {
        "ACTIVE": 366,
        "INACTIVE": 15,
        "INVALID": 0,
        "MALICIOUS": 0,
        "SANE": 0,
        "VALID": 0,
        "total": 381
    },
    "percentage": {
        "ACTIVE": 96.06299212598425,
        "INACTIVE": 3.9473684210526314,
        "INVALID": 0,
        "MALICIOUS": 0,
        "SANE": 0,
        "VALID": 0,
        "total": 100.01036054703688
    }
}