{
    "counter": {
        "ACTIVE": 1817,
        "INACTIVE": 6,
        "INVALID": 0,
        "MALICIOUS": 0,
        "SANE": 0,
        "VALID": 0,
        "total": 1823
    },
    "percentage": {
        "ACTIVE": 99.67087218869995,
        "INACTIVE": 0.3472222222222222,
        "INVALID": 0,
        "MALICIOUS": 0,
        "SANE": 0,
        "VALID": 0,
        "total": 100.01809441092217
    }
}