{
    "counter": {
        "ACTIVE": 123020,
        "INACTIVE": 2,
        "INVALID": 0,
        "MALICIOUS": 0,
        "SANE": 0,
        "VALID": 0,
        "total": 123022
    },
    "percentage": {
        "ACTIVE": 99.99837427452,
        "INACTIVE": 0.008532059212490934,
        "INVALID": 0,
        "MALICIOUS": 0,
        "SANE": 0,
        "VALID": 0,
        "total": 100.00690633373249
    }
}