{
    "counter": {
        "ACTIVE": 1925,
        "INACTIVE": 22,
        "INVALID": 0,
        "MALICIOUS": 0,
        "SANE": 0,
        "VALID": 0,
        "total": 1947
    },
    "percentage": {
        "ACTIVE": 98.87005649717514,
        "INACTIVE": 1.1609498680738786,
        "INVALID": 0,
        "MALICIOUS": 0,
        "SANE": 0,
        "VALID": 0,
        "total": 100.03100636524903
    }
}