{
    "counter": {
        "ACTIVE": 247216,
        "INACTIVE": 2,
        "INVALID": 0,
        "MALICIOUS": 0,
        "SANE": 0,
        "VALID": 0,
        "total": 247218
    },
    "percentage": {
        "ACTIVE": 99.99919099741928,
        "INACTIVE": 0.008532059212490934,
        "INVALID": 0,
        "MALICIOUS": 0,
        "SANE": 0,
        "VALID": 0,
        "total": 100.00772305663176
    }
}