{
    "counter": {
        "ACTIVE": 101707,
        "INACTIVE": 2,
        "INVALID": 0,
        "MALICIOUS": 0,
        "SANE": 0,
        "VALID": 0,
        "total": 101709
    },
    "percentage": {
        "ACTIVE": 99.99803360567894,
        "INACTIVE": 0.008532059212490934,
        "INVALID": 0,
        "MALICIOUS": 0,
        "SANE": 0,
        "VALID": 0,
        "total": 100.00656566489143
    }
}