{
    "counter": {
        "ACTIVE": 132297,
        "INACTIVE": 2,
        "INVALID": 0,
        "MALICIOUS": 0,
        "SANE": 0,
        "VALID": 0,
        "total": 132299
    },
    "percentage": {
        "ACTIVE": 99.99848827277606,
        "INACTIVE": 0.008532059212490934,
        "INVALID": 0,
        "MALICIOUS": 0,
        "SANE": 0,
        "VALID": 0,
        "total": 100.00702033198854
    }
}