{
    "counter": {
        "ACTIVE": 191251,
        "INACTIVE": 2,
        "INVALID": 0,
        "MALICIOUS": 0,
        "SANE": 0,
        "VALID": 0,
        "total": 191253
    },
    "percentage": {
        "ACTIVE": 99.99895426476971,
        "INACTIVE": 0.008532059212490934,
        "INVALID": 0,
        "MALICIOUS": 0,
        "SANE": 0,
        "VALID": 0,
        "total": 100.00748632398219
    }
}