{
    "counter": {
        "ACTIVE": 228884,
        "INACTIVE": 2,
        "INVALID": 0,
        "MALICIOUS": 0,
        "SANE": 0,
        "VALID": 0,
        "total": 228886
    },
    "percentage": {
        "ACTIVE": 99.99912620256372,
        "INACTIVE": 0.008532059212490934,
        "INVALID": 0,
        "MALICIOUS": 0,
        "SANE": 0,
        "VALID": 0,
        "total": 100.0076582617762
    }
}