{
    "counter": {
        "ACTIVE": 170554,
        "INACTIVE": 2,
        "INVALID": 0,
        "MALICIOUS": 0,
        "SANE": 0,
        "VALID": 0,
        "total": 170556
    },
    "percentage": {
        "ACTIVE": 99.99882736461925,
        "INACTIVE": 0.008532059212490934,
        "INVALID": 0,
        "MALICIOUS": 0,
        "SANE": 0,
        "VALID": 0,
        "total": 100.00735942383173
    }
}