{
    "counter": {
        "ACTIVE": 139,
        "INACTIVE": 15,
        "INVALID": 0,
        "MALICIOUS": 0,
        "SANE": 0,
        "VALID": 0,
        "total": 154
    },
    "percentage": {
        "ACTIVE": 90.25974025974025,
        "INACTIVE": 10.416666666666666,
        "INVALID": 0,
        "MALICIOUS": 0,
        "SANE": 0,
        "VALID": 0,
        "total": 100.67640692640693
    }
}