{
    "counter": {
        "ACTIVE": 158909,
        "INACTIVE": 2,
        "INVALID": 0,
        "MALICIOUS": 0,
        "SANE": 0,
        "VALID": 0,
        "total": 158911
    },
    "percentage": {
        "ACTIVE": 99.99874143388438,
        "INACTIVE": 0.008532059212490934,
        "INVALID": 0,
        "MALICIOUS": 0,
        "SANE": 0,
        "VALID": 0,
        "total": 100.00727349309686
    }
}