{
    "counter": {
        "ACTIVE": 142264,
        "INACTIVE": 2,
        "INVALID": 0,
        "MALICIOUS": 0,
        "SANE": 0,
        "VALID": 0,
        "total": 142266
    },
    "percentage": {
        "ACTIVE": 99.99859418272813,
        "INACTIVE": 0.008532059212490934,
        "INVALID": 0,
        "MALICIOUS": 0,
        "SANE": 0,
        "VALID": 0,
        "total": 100.00712624194061
    }
}