{
    "counter": {
        "ACTIVE": 152294,
        "INACTIVE": 2,
        "INVALID": 0,
        "MALICIOUS": 0,
        "SANE": 0,
        "VALID": 0,
        "total": 152296
    },
    "percentage": {
        "ACTIVE": 99.9986867678731,
        "INACTIVE": 0.008532059212490934,
        "INVALID": 0,
        "MALICIOUS": 0,
        "SANE": 0,
        "VALID": 0,
        "total": 100.00721882708558
    }
}