{
    "counter": {
        "ACTIVE": 140581,
        "INACTIVE": 2,
        "INVALID": 0,
        "MALICIOUS": 0,
        "SANE": 0,
        "VALID": 0,
        "total": 140583
    },
    "percentage": {
        "ACTIVE": 99.9985773528805,
        "INACTIVE": 0.008532059212490934,
        "INVALID": 0,
        "MALICIOUS": 0,
        "SANE": 0,
        "VALID": 0,
        "total": 100.00710941209299
    }
}