{
    "counter": {
        "ACTIVE": 189942,
        "INACTIVE": 2,
        "INVALID": 0,
        "MALICIOUS": 0,
        "SANE": 0,
        "VALID": 0,
        "total": 189944
    },
    "percentage": {
        "ACTIVE": 99.99894705808028,
        "INACTIVE": 0.008532059212490934,
        "INVALID": 0,
        "MALICIOUS": 0,
        "SANE": 0,
        "VALID": 0,
        "total": 100.00747911729276
    }
}