{
    "counter": {
        "ACTIVE": 212545,
        "INACTIVE": 2,
        "INVALID": 0,
        "MALICIOUS": 0,
        "SANE": 0,
        "VALID": 0,
        "total": 212547
    },
    "percentage": {
        "ACTIVE": 99.99905903164947,
        "INACTIVE": 0.008532059212490934,
        "INVALID": 0,
        "MALICIOUS": 0,
        "SANE": 0,
        "VALID": 0,
        "total": 100.00759109086195
    }
}