{
    "counter": {
        "ACTIVE": 239227,
        "INACTIVE": 2,
        "INVALID": 0,
        "MALICIOUS": 0,
        "SANE": 0,
        "VALID": 0,
        "total": 239229
    },
    "percentage": {
        "ACTIVE": 99.99916398095549,
        "INACTIVE": 0.008532059212490934,
        "INVALID": 0,
        "MALICIOUS": 0,
        "SANE": 0,
        "VALID": 0,
        "total": 100.00769604016797
    }
}