{
    "counter": {
        "ACTIVE": 200451,
        "INACTIVE": 2,
        "INVALID": 0,
        "MALICIOUS": 0,
        "SANE": 0,
        "VALID": 0,
        "total": 200453
    },
    "percentage": {
        "ACTIVE": 99.99900225988137,
        "INACTIVE": 0.008532059212490934,
        "INVALID": 0,
        "MALICIOUS": 0,
        "SANE": 0,
        "VALID": 0,
        "total": 100.00753431909385
    }
}