{
    "counter": {
        "ACTIVE": 195763,
        "INACTIVE": 2,
        "INVALID": 0,
        "MALICIOUS": 0,
        "SANE": 0,
        "VALID": 0,
        "total": 195765
    },
    "percentage": {
        "ACTIVE": 99.99897836691952,
        "INACTIVE": 0.008532059212490934,
        "INVALID": 0,
        "MALICIOUS": 0,
        "SANE": 0,
        "VALID": 0,
        "total": 100.007510426132
    }
}