{
    "counter": {
        "ACTIVE": 202705,
        "INACTIVE": 2,
        "INVALID": 0,
        "MALICIOUS": 0,
        "SANE": 0,
        "VALID": 0,
        "total": 202707
    },
    "percentage": {
        "ACTIVE": 99.99901335425022,
        "INACTIVE": 0.008532059212490934,
        "INVALID": 0,
        "MALICIOUS": 0,
        "SANE": 0,
        "VALID": 0,
        "total": 100.00754541346271
    }
}