{
    "counter": {
        "ACTIVE": 162079,
        "INACTIVE": 2,
        "INVALID": 0,
        "MALICIOUS": 0,
        "SANE": 0,
        "VALID": 0,
        "total": 162081
    },
    "percentage": {
        "ACTIVE": 99.99876604907423,
        "INACTIVE": 0.008532059212490934,
        "INVALID": 0,
        "MALICIOUS": 0,
        "SANE": 0,
        "VALID": 0,
        "total": 100.00729810828672
    }
}