{
    "counter": {
        "ACTIVE": 1464,
        "INACTIVE": 1137,
        "INVALID": 1,
        "MALICIOUS": 0,
        "SANE": 0,
        "VALID": 0,
        "total": 2602
    },
    "percentage": {
        "ACTIVE": 56.30769230769231,
        "INACTIVE": 43.697156033820136,
        "INVALID": 0.3875968992248062,
        "MALICIOUS": 0,
        "SANE": 0,
        "VALID": 0,
        "total": 100.39244524073725
    }
}