{
    "counter": {
        "ACTIVE": 213690,
        "INACTIVE": 2,
        "INVALID": 0,
        "MALICIOUS": 0,
        "SANE": 0,
        "VALID": 0,
        "total": 213692
    },
    "percentage": {
        "ACTIVE": 99.99906407352638,
        "INACTIVE": 0.008532059212490934,
        "INVALID": 0,
        "MALICIOUS": 0,
        "SANE": 0,
        "VALID": 0,
        "total": 100.00759613273887
    }
}