{
    "counter": {
        "ACTIVE": 224340,
        "INACTIVE": 2,
        "INVALID": 0,
        "MALICIOUS": 0,
        "SANE": 0,
        "VALID": 0,
        "total": 224342
    },
    "percentage": {
        "ACTIVE": 99.99910850398052,
        "INACTIVE": 0.008532059212490934,
        "INVALID": 0,
        "MALICIOUS": 0,
        "SANE": 0,
        "VALID": 0,
        "total": 100.00764056319301
    }
}