{
    "counter": {
        "ACTIVE": 56391,
        "INACTIVE": 2,
        "INVALID": 0,
        "MALICIOUS": 0,
        "SANE": 0,
        "VALID": 0,
        "total": 56393
    },
    "percentage": {
        "ACTIVE": 99.99645346053588,
        "INACTIVE": 0.008532059212490934,
        "INVALID": 0,
        "MALICIOUS": 0,
        "SANE": 0,
        "VALID": 0,
        "total": 100.00498551974836
    }
}