{
    "counter": {
        "ACTIVE": 111988,
        "INACTIVE": 2,
        "INVALID": 0,
        "MALICIOUS": 0,
        "SANE": 0,
        "VALID": 0,
        "total": 111990
    },
    "percentage": {
        "ACTIVE": 99.99821412626127,
        "INACTIVE": 0.008532059212490934,
        "INVALID": 0,
        "MALICIOUS": 0,
        "SANE": 0,
        "VALID": 0,
        "total": 100.00674618547376
    }
}