{
    "counter": {
        "ACTIVE": 202730,
        "INACTIVE": 2,
        "INVALID": 0,
        "MALICIOUS": 0,
        "SANE": 0,
        "VALID": 0,
        "total": 202732
    },
    "percentage": {
        "ACTIVE": 99.99901347591894,
        "INACTIVE": 0.008532059212490934,
        "INVALID": 0,
        "MALICIOUS": 0,
        "SANE": 0,
        "VALID": 0,
        "total": 100.00754553513143
    }
}