{
    "counter": {
        "ACTIVE": 86291,
        "INACTIVE": 2,
        "INVALID": 0,
        "MALICIOUS": 0,
        "SANE": 0,
        "VALID": 0,
        "total": 86293
    },
    "percentage": {
        "ACTIVE": 99.99768231490387,
        "INACTIVE": 0.008532059212490934,
        "INVALID": 0,
        "MALICIOUS": 0,
        "SANE": 0,
        "VALID": 0,
        "total": 100.00621437411635
    }
}