{
    "counter": {
        "ACTIVE": 171744,
        "INACTIVE": 2,
        "INVALID": 0,
        "MALICIOUS": 0,
        "SANE": 0,
        "VALID": 0,
        "total": 171746
    },
    "percentage": {
        "ACTIVE": 99.99883548961839,
        "INACTIVE": 0.008532059212490934,
        "INVALID": 0,
        "MALICIOUS": 0,
        "SANE": 0,
        "VALID": 0,
        "total": 100.00736754883087
    }
}