{
    "counter": {
        "ACTIVE": 166611,
        "INACTIVE": 2,
        "INVALID": 0,
        "MALICIOUS": 0,
        "SANE": 0,
        "VALID": 0,
        "total": 166613
    },
    "percentage": {
        "ACTIVE": 99.99879961347554,
        "INACTIVE": 0.008532059212490934,
        "INVALID": 0,
        "MALICIOUS": 0,
        "SANE": 0,
        "VALID": 0,
        "total": 100.00733167268803
    }
}