{
    "counter": {
        "ACTIVE": 127954,
        "INACTIVE": 2,
        "INVALID": 0,
        "MALICIOUS": 0,
        "SANE": 0,
        "VALID": 0,
        "total": 127956
    },
    "percentage": {
        "ACTIVE": 99.99843696270592,
        "INACTIVE": 0.008532059212490934,
        "INVALID": 0,
        "MALICIOUS": 0,
        "SANE": 0,
        "VALID": 0,
        "total": 100.00696902191841
    }
}