{
    "counter": {
        "ACTIVE": 174397,
        "INACTIVE": 2,
        "INVALID": 0,
        "MALICIOUS": 0,
        "SANE": 0,
        "VALID": 0,
        "total": 174399
    },
    "percentage": {
        "ACTIVE": 99.99885320443352,
        "INACTIVE": 0.008532059212490934,
        "INVALID": 0,
        "MALICIOUS": 0,
        "SANE": 0,
        "VALID": 0,
        "total": 100.007385263646
    }
}