{
    "counter": {
        "ACTIVE": 164356,
        "INACTIVE": 2,
        "INVALID": 0,
        "MALICIOUS": 0,
        "SANE": 0,
        "VALID": 0,
        "total": 164358
    },
    "percentage": {
        "ACTIVE": 99.99878314411224,
        "INACTIVE": 0.008532059212490934,
        "INVALID": 0,
        "MALICIOUS": 0,
        "SANE": 0,
        "VALID": 0,
        "total": 100.00731520332472
    }
}