{
    "counter": {
        "ACTIVE": 212005,
        "INACTIVE": 2,
        "INVALID": 0,
        "MALICIOUS": 0,
        "SANE": 0,
        "VALID": 0,
        "total": 212007
    },
    "percentage": {
        "ACTIVE": 99.99905663492243,
        "INACTIVE": 0.008532059212490934,
        "INVALID": 0,
        "MALICIOUS": 0,
        "SANE": 0,
        "VALID": 0,
        "total": 100.00758869413491
    }
}