{
    "counter": {
        "ACTIVE": 215613,
        "INACTIVE": 2,
        "INVALID": 0,
        "MALICIOUS": 0,
        "SANE": 0,
        "VALID": 0,
        "total": 215615
    },
    "percentage": {
        "ACTIVE": 99.99907242074995,
        "INACTIVE": 0.008532059212490934,
        "INVALID": 0,
        "MALICIOUS": 0,
        "SANE": 0,
        "VALID": 0,
        "total": 100.00760447996244
    }
}