{
    "counter": {
        "ACTIVE": 194091,
        "INACTIVE": 2,
        "INVALID": 0,
        "MALICIOUS": 0,
        "SANE": 0,
        "VALID": 0,
        "total": 194093
    },
    "percentage": {
        "ACTIVE": 99.99896956613583,
        "INACTIVE": 0.008532059212490934,
        "INVALID": 0,
        "MALICIOUS": 0,
        "SANE": 0,
        "VALID": 0,
        "total": 100.00750162534831
    }
}