{
    "counter": {
        "ACTIVE": 211643,
        "INACTIVE": 2,
        "INVALID": 0,
        "MALICIOUS": 0,
        "SANE": 0,
        "VALID": 0,
        "total": 211645
    },
    "percentage": {
        "ACTIVE": 99.99905502138014,
        "INACTIVE": 0.008532059212490934,
        "INVALID": 0,
        "MALICIOUS": 0,
        "SANE": 0,
        "VALID": 0,
        "total": 100.00758708059263
    }
}