{
    "counter": {
        "ACTIVE": 104914,
        "INACTIVE": 2,
        "INVALID": 0,
        "MALICIOUS": 0,
        "SANE": 0,
        "VALID": 0,
        "total": 104916
    },
    "percentage": {
        "ACTIVE": 99.99809371306569,
        "INACTIVE": 0.008532059212490934,
        "INVALID": 0,
        "MALICIOUS": 0,
        "SANE": 0,
        "VALID": 0,
        "total": 100.00662577227817
    }
}