{
    "counter": {
        "ACTIVE": 161429,
        "INACTIVE": 2,
        "INVALID": 0,
        "MALICIOUS": 0,
        "SANE": 0,
        "VALID": 0,
        "total": 161431
    },
    "percentage": {
        "ACTIVE": 99.99876108058551,
        "INACTIVE": 0.008532059212490934,
        "INVALID": 0,
        "MALICIOUS": 0,
        "SANE": 0,
        "VALID": 0,
        "total": 100.007293139798
    }
}