{
    "counter": {
        "ACTIVE": 135453,
        "INACTIVE": 2,
        "INVALID": 0,
        "MALICIOUS": 0,
        "SANE": 0,
        "VALID": 0,
        "total": 135455
    },
    "percentage": {
        "ACTIVE": 99.9985234948876,
        "INACTIVE": 0.008532059212490934,
        "INVALID": 0,
        "MALICIOUS": 0,
        "SANE": 0,
        "VALID": 0,
        "total": 100.00705555410009
    }
}