{
    "counter": {
        "ACTIVE": 176346,
        "INACTIVE": 2,
        "INVALID": 0,
        "MALICIOUS": 0,
        "SANE": 0,
        "VALID": 0,
        "total": 176348
    },
    "percentage": {
        "ACTIVE": 99.9988658788305,
        "INACTIVE": 0.008532059212490934,
        "INVALID": 0,
        "MALICIOUS": 0,
        "SANE": 0,
        "VALID": 0,
        "total": 100.00739793804298
    }
}