{
    "counter": {
        "ACTIVE": 126627,
        "INACTIVE": 2,
        "INVALID": 0,
        "MALICIOUS": 0,
        "SANE": 0,
        "VALID": 0,
        "total": 126629
    },
    "percentage": {
        "ACTIVE": 99.99842058296282,
        "INACTIVE": 0.008532059212490934,
        "INVALID": 0,
        "MALICIOUS": 0,
        "SANE": 0,
        "VALID": 0,
        "total": 100.0069526421753
    }
}