{
    "counter": {
        "ACTIVE": 169349,
        "INACTIVE": 2,
        "INVALID": 0,
        "MALICIOUS": 0,
        "SANE": 0,
        "VALID": 0,
        "total": 169351
    },
    "percentage": {
        "ACTIVE": 99.99881902085019,
        "INACTIVE": 0.008532059212490934,
        "INVALID": 0,
        "MALICIOUS": 0,
        "SANE": 0,
        "VALID": 0,
        "total": 100.00735108006268
    }
}