{
    "counter": {
        "ACTIVE": 225704,
        "INACTIVE": 2,
        "INVALID": 0,
        "MALICIOUS": 0,
        "SANE": 0,
        "VALID": 0,
        "total": 225706
    },
    "percentage": {
        "ACTIVE": 99.9991138915226,
        "INACTIVE": 0.008532059212490934,
        "INVALID": 0,
        "MALICIOUS": 0,
        "SANE": 0,
        "VALID": 0,
        "total": 100.00764595073508
    }
}