{
    "counter": {
        "ACTIVE": 143755,
        "INACTIVE": 2,
        "INVALID": 0,
        "MALICIOUS": 0,
        "SANE": 0,
        "VALID": 0,
        "total": 143757
    },
    "percentage": {
        "ACTIVE": 99.99860876339935,
        "INACTIVE": 0.008532059212490934,
        "INVALID": 0,
        "MALICIOUS": 0,
        "SANE": 0,
        "VALID": 0,
        "total": 100.00714082261183
    }
}