{
    "counter": {
        "ACTIVE": 162610,
        "INACTIVE": 2,
        "INVALID": 0,
        "MALICIOUS": 0,
        "SANE": 0,
        "VALID": 0,
        "total": 162612
    },
    "percentage": {
        "ACTIVE": 99.998770078469,
        "INACTIVE": 0.008532059212490934,
        "INVALID": 0,
        "MALICIOUS": 0,
        "SANE": 0,
        "VALID": 0,
        "total": 100.00730213768148
    }
}