{
    "counter": {
        "ACTIVE": 219276,
        "INACTIVE": 2,
        "INVALID": 0,
        "MALICIOUS": 0,
        "SANE": 0,
        "VALID": 0,
        "total": 219278
    },
    "percentage": {
        "ACTIVE": 99.99908791579638,
        "INACTIVE": 0.008532059212490934,
        "INVALID": 0,
        "MALICIOUS": 0,
        "SANE": 0,
        "VALID": 0,
        "total": 100.00761997500886
    }
}