{
    "counter": {
        "ACTIVE": 208930,
        "INACTIVE": 2,
        "INVALID": 0,
        "MALICIOUS": 0,
        "SANE": 0,
        "VALID": 0,
        "total": 208932
    },
    "percentage": {
        "ACTIVE": 99.99904275075144,
        "INACTIVE": 0.008532059212490934,
        "INVALID": 0,
        "MALICIOUS": 0,
        "SANE": 0,
        "VALID": 0,
        "total": 100.00757480996393
    }
}