{
    "counter": {
        "ACTIVE": 227014,
        "INACTIVE": 2,
        "INVALID": 0,
        "MALICIOUS": 0,
        "SANE": 0,
        "VALID": 0,
        "total": 227016
    },
    "percentage": {
        "ACTIVE": 99.99911900482785,
        "INACTIVE": 0.008532059212490934,
        "INVALID": 0,
        "MALICIOUS": 0,
        "SANE": 0,
        "VALID": 0,
        "total": 100.00765106404033
    }
}