{
    "counter": {
        "ACTIVE": 210285,
        "INACTIVE": 2,
        "INVALID": 0,
        "MALICIOUS": 0,
        "SANE": 0,
        "VALID": 0,
        "total": 210287
    },
    "percentage": {
        "ACTIVE": 99.9990489188585,
        "INACTIVE": 0.008532059212490934,
        "INVALID": 0,
        "MALICIOUS": 0,
        "SANE": 0,
        "VALID": 0,
        "total": 100.00758097807099
    }
}