{
    "counter": {
        "ACTIVE": 235360,
        "INACTIVE": 2,
        "INVALID": 0,
        "MALICIOUS": 0,
        "SANE": 0,
        "VALID": 0,
        "total": 235362
    },
    "percentage": {
        "ACTIVE": 99.99915024515427,
        "INACTIVE": 0.008532059212490934,
        "INVALID": 0,
        "MALICIOUS": 0,
        "SANE": 0,
        "VALID": 0,
        "total": 100.00768230436675
    }
}