{
    "counter": {
        "ACTIVE": 230516,
        "INACTIVE": 2,
        "INVALID": 0,
        "MALICIOUS": 0,
        "SANE": 0,
        "VALID": 0,
        "total": 230518
    },
    "percentage": {
        "ACTIVE": 99.99913238879394,
        "INACTIVE": 0.008532059212490934,
        "INVALID": 0,
        "MALICIOUS": 0,
        "SANE": 0,
        "VALID": 0,
        "total": 100.00766444800642
    }
}