{
    "counter": {
        "ACTIVE": 220746,
        "INACTIVE": 2,
        "INVALID": 0,
        "MALICIOUS": 0,
        "SANE": 0,
        "VALID": 0,
        "total": 220748
    },
    "percentage": {
        "ACTIVE": 99.99909398952651,
        "INACTIVE": 0.008532059212490934,
        "INVALID": 0,
        "MALICIOUS": 0,
        "SANE": 0,
        "VALID": 0,
        "total": 100.007626048739
    }
}