{
    "counter": {
        "ACTIVE": 232167,
        "INACTIVE": 2,
        "INVALID": 0,
        "MALICIOUS": 0,
        "SANE": 0,
        "VALID": 0,
        "total": 232169
    },
    "percentage": {
        "ACTIVE": 99.99913855855002,
        "INACTIVE": 0.008532059212490934,
        "INVALID": 0,
        "MALICIOUS": 0,
        "SANE": 0,
        "VALID": 0,
        "total": 100.0076706177625
    }
}