{
    "counter": {
        "ACTIVE": 205573,
        "INACTIVE": 2,
        "INVALID": 0,
        "MALICIOUS": 0,
        "SANE": 0,
        "VALID": 0,
        "total": 205575
    },
    "percentage": {
        "ACTIVE": 99.99902711905631,
        "INACTIVE": 0.008532059212490934,
        "INVALID": 0,
        "MALICIOUS": 0,
        "SANE": 0,
        "VALID": 0,
        "total": 100.00755917826879
    }
}