{
    "counter": {
        "ACTIVE": 51998,
        "INACTIVE": 2,
        "INVALID": 0,
        "MALICIOUS": 0,
        "SANE": 0,
        "VALID": 0,
        "total": 52000
    },
    "percentage": {
        "ACTIVE": 99.99615384615385,
        "INACTIVE": 0.008532059212490934,
        "INVALID": 0,
        "MALICIOUS": 0,
        "SANE": 0,
        "VALID": 0,
        "total": 100.00468590536633
    }
}