{
    "counter": {
        "ACTIVE": 134423,
        "INACTIVE": 2,
        "INVALID": 0,
        "MALICIOUS": 0,
        "SANE": 0,
        "VALID": 0,
        "total": 134425
    },
    "percentage": {
        "ACTIVE": 99.99851218151386,
        "INACTIVE": 0.008532059212490934,
        "INVALID": 0,
        "MALICIOUS": 0,
        "SANE": 0,
        "VALID": 0,
        "total": 100.00704424072634
    }
}