{
    "counter": {
        "ACTIVE": 89424,
        "INACTIVE": 2,
        "INVALID": 0,
        "MALICIOUS": 0,
        "SANE": 0,
        "VALID": 0,
        "total": 89426
    },
    "percentage": {
        "ACTIVE": 99.99776351396686,
        "INACTIVE": 0.008532059212490934,
        "INVALID": 0,
        "MALICIOUS": 0,
        "SANE": 0,
        "VALID": 0,
        "total": 100.00629557317934
    }
}