{
    "counter": {
        "ACTIVE": 121345,
        "INACTIVE": 2,
        "INVALID": 0,
        "MALICIOUS": 0,
        "SANE": 0,
        "VALID": 0,
        "total": 121347
    },
    "percentage": {
        "ACTIVE": 99.99835183399672,
        "INACTIVE": 0.008532059212490934,
        "INVALID": 0,
        "MALICIOUS": 0,
        "SANE": 0,
        "VALID": 0,
        "total": 100.0068838932092
    }
}