{
    "counter": {
        "ACTIVE": 171537,
        "INACTIVE": 2,
        "INVALID": 0,
        "MALICIOUS": 0,
        "SANE": 0,
        "VALID": 0,
        "total": 171539
    },
    "percentage": {
        "ACTIVE": 99.99883408437731,
        "INACTIVE": 0.008532059212490934,
        "INVALID": 0,
        "MALICIOUS": 0,
        "SANE": 0,
        "VALID": 0,
        "total": 100.00736614358979
    }
}