{
    "counter": {
        "ACTIVE": 132014,
        "INACTIVE": 2,
        "INVALID": 0,
        "MALICIOUS": 0,
        "SANE": 0,
        "VALID": 0,
        "total": 132016
    },
    "percentage": {
        "ACTIVE": 99.99848503211732,
        "INACTIVE": 0.008532059212490934,
        "INVALID": 0,
        "MALICIOUS": 0,
        "SANE": 0,
        "VALID": 0,
        "total": 100.0070170913298
    }
}