{
    "counter": {
        "ACTIVE": 134096,
        "INACTIVE": 2,
        "INVALID": 0,
        "MALICIOUS": 0,
        "SANE": 0,
        "VALID": 0,
        "total": 134098
    },
    "percentage": {
        "ACTIVE": 99.99850855344599,
        "INACTIVE": 0.008532059212490934,
        "INVALID": 0,
        "MALICIOUS": 0,
        "SANE": 0,
        "VALID": 0,
        "total": 100.00704061265847
    }
}