{
    "counter": {
        "ACTIVE": 167258,
        "INACTIVE": 2,
        "INVALID": 0,
        "MALICIOUS": 0,
        "SANE": 0,
        "VALID": 0,
        "total": 167260
    },
    "percentage": {
        "ACTIVE": 99.99880425684563,
        "INACTIVE": 0.008532059212490934,
        "INVALID": 0,
        "MALICIOUS": 0,
        "SANE": 0,
        "VALID": 0,
        "total": 100.00733631605812
    }
}