{
    "counter": {
        "ACTIVE": 89846,
        "INACTIVE": 2,
        "INVALID": 0,
        "MALICIOUS": 0,
        "SANE": 0,
        "VALID": 0,
        "total": 89848
    },
    "percentage": {
        "ACTIVE": 99.99777401834208,
        "INACTIVE": 0.008532059212490934,
        "INVALID": 0,
        "MALICIOUS": 0,
        "SANE": 0,
        "VALID": 0,
        "total": 100.00630607755457
    }
}