{
    "counter": {
        "ACTIVE": 207176,
        "INACTIVE": 2,
        "INVALID": 0,
        "MALICIOUS": 0,
        "SANE": 0,
        "VALID": 0,
        "total": 207178
    },
    "percentage": {
        "ACTIVE": 99.99903464653583,
        "INACTIVE": 0.008532059212490934,
        "INVALID": 0,
        "MALICIOUS": 0,
        "SANE": 0,
        "VALID": 0,
        "total": 100.00756670574832
    }
}