{
    "counter": {
        "ACTIVE": 225807,
        "INACTIVE": 2,
        "INVALID": 0,
        "MALICIOUS": 0,
        "SANE": 0,
        "VALID": 0,
        "total": 225809
    },
    "percentage": {
        "ACTIVE": 99.99911429571009,
        "INACTIVE": 0.008532059212490934,
        "INVALID": 0,
        "MALICIOUS": 0,
        "SANE": 0,
        "VALID": 0,
        "total": 100.00764635492257
    }
}