{
    "counter": {
        "ACTIVE": 242137,
        "INACTIVE": 2,
        "INVALID": 0,
        "MALICIOUS": 0,
        "SANE": 0,
        "VALID": 0,
        "total": 242139
    },
    "percentage": {
        "ACTIVE": 99.99917402814086,
        "INACTIVE": 0.008532059212490934,
        "INVALID": 0,
        "MALICIOUS": 0,
        "SANE": 0,
        "VALID": 0,
        "total": 100.00770608735334
    }
}