{
    "counter": {
        "ACTIVE": 224270,
        "INACTIVE": 2,
        "INVALID": 0,
        "MALICIOUS": 0,
        "SANE": 0,
        "VALID": 0,
        "total": 224272
    },
    "percentage": {
        "ACTIVE": 99.9991082257259,
        "INACTIVE": 0.008532059212490934,
        "INVALID": 0,
        "MALICIOUS": 0,
        "SANE": 0,
        "VALID": 0,
        "total": 100.00764028493839
    }
}