{
    "counter": {
        "ACTIVE": 139591,
        "INACTIVE": 2,
        "INVALID": 0,
        "MALICIOUS": 0,
        "SANE": 0,
        "VALID": 0,
        "total": 139593
    },
    "percentage": {
        "ACTIVE": 99.99856726340145,
        "INACTIVE": 0.008532059212490934,
        "INVALID": 0,
        "MALICIOUS": 0,
        "SANE": 0,
        "VALID": 0,
        "total": 100.00709932261394
    }
}