{
    "counter": {
        "ACTIVE": 234122,
        "INACTIVE": 2,
        "INVALID": 0,
        "MALICIOUS": 0,
        "SANE": 0,
        "VALID": 0,
        "total": 234124
    },
    "percentage": {
        "ACTIVE": 99.99914575182382,
        "INACTIVE": 0.008532059212490934,
        "INVALID": 0,
        "MALICIOUS": 0,
        "SANE": 0,
        "VALID": 0,
        "total": 100.0076778110363
    }
}