{
    "counter": {
        "ACTIVE": 218954,
        "INACTIVE": 2,
        "INVALID": 0,
        "MALICIOUS": 0,
        "SANE": 0,
        "VALID": 0,
        "total": 218956
    },
    "percentage": {
        "ACTIVE": 99.99908657447158,
        "INACTIVE": 0.008532059212490934,
        "INVALID": 0,
        "MALICIOUS": 0,
        "SANE": 0,
        "VALID": 0,
        "total": 100.00761863368406
    }
}