{
    "counter": {
        "ACTIVE": 122723,
        "INACTIVE": 2,
        "INVALID": 0,
        "MALICIOUS": 0,
        "SANE": 0,
        "VALID": 0,
        "total": 122725
    },
    "percentage": {
        "ACTIVE": 99.99837034019149,
        "INACTIVE": 0.008532059212490934,
        "INVALID": 0,
        "MALICIOUS": 0,
        "SANE": 0,
        "VALID": 0,
        "total": 100.00690239940397
    }
}