{
    "counter": {
        "ACTIVE": 155569,
        "INACTIVE": 2,
        "INVALID": 0,
        "MALICIOUS": 0,
        "SANE": 0,
        "VALID": 0,
        "total": 155571
    },
    "percentage": {
        "ACTIVE": 99.99871441335468,
        "INACTIVE": 0.008532059212490934,
        "INVALID": 0,
        "MALICIOUS": 0,
        "SANE": 0,
        "VALID": 0,
        "total": 100.00724647256716
    }
}