{
    "counter": {
        "ACTIVE": 204520,
        "INACTIVE": 2,
        "INVALID": 0,
        "MALICIOUS": 0,
        "SANE": 0,
        "VALID": 0,
        "total": 204522
    },
    "percentage": {
        "ACTIVE": 99.99902211009085,
        "INACTIVE": 0.008532059212490934,
        "INVALID": 0,
        "MALICIOUS": 0,
        "SANE": 0,
        "VALID": 0,
        "total": 100.00755416930333
    }
}