{
    "counter": {
        "ACTIVE": 112330,
        "INACTIVE": 2,
        "INVALID": 0,
        "MALICIOUS": 0,
        "SANE": 0,
        "VALID": 0,
        "total": 112332
    },
    "percentage": {
        "ACTIVE": 99.99821956343696,
        "INACTIVE": 0.008532059212490934,
        "INVALID": 0,
        "MALICIOUS": 0,
        "SANE": 0,
        "VALID": 0,
        "total": 100.00675162264945
    }
}