{
    "counter": {
        "ACTIVE": 84516,
        "INACTIVE": 2,
        "INVALID": 0,
        "MALICIOUS": 0,
        "SANE": 0,
        "VALID": 0,
        "total": 84518
    },
    "percentage": {
        "ACTIVE": 99.99763364017133,
        "INACTIVE": 0.008532059212490934,
        "INVALID": 0,
        "MALICIOUS": 0,
        "SANE": 0,
        "VALID": 0,
        "total": 100.00616569938381
    }
}