{
    "counter": {
        "ACTIVE": 140784,
        "INACTIVE": 2,
        "INVALID": 0,
        "MALICIOUS": 0,
        "SANE": 0,
        "VALID": 0,
        "total": 140786
    },
    "percentage": {
        "ACTIVE": 99.99857940420212,
        "INACTIVE": 0.008532059212490934,
        "INVALID": 0,
        "MALICIOUS": 0,
        "SANE": 0,
        "VALID": 0,
        "total": 100.0071114634146
    }
}