{
    "counter": {
        "ACTIVE": 218178,
        "INACTIVE": 2,
        "INVALID": 0,
        "MALICIOUS": 0,
        "SANE": 0,
        "VALID": 0,
        "total": 218180
    },
    "percentage": {
        "ACTIVE": 99.99908332569439,
        "INACTIVE": 0.008532059212490934,
        "INVALID": 0,
        "MALICIOUS": 0,
        "SANE": 0,
        "VALID": 0,
        "total": 100.00761538490687
    }
}