{
    "counter": {
        "ACTIVE": 62291,
        "INACTIVE": 2,
        "INVALID": 0,
        "MALICIOUS": 0,
        "SANE": 0,
        "VALID": 0,
        "total": 62293
    },
    "percentage": {
        "ACTIVE": 99.99678936638145,
        "INACTIVE": 0.008532059212490934,
        "INVALID": 0,
        "MALICIOUS": 0,
        "SANE": 0,
        "VALID": 0,
        "total": 100.00532142559393
    }
}