{
    "counter": {
        "ACTIVE": 177707,
        "INACTIVE": 2,
        "INVALID": 0,
        "MALICIOUS": 0,
        "SANE": 0,
        "VALID": 0,
        "total": 177709
    },
    "percentage": {
        "ACTIVE": 99.99887456459717,
        "INACTIVE": 0.008532059212490934,
        "INVALID": 0,
        "MALICIOUS": 0,
        "SANE": 0,
        "VALID": 0,
        "total": 100.00740662380966
    }
}