{
    "counter": {
        "ACTIVE": 199330,
        "INACTIVE": 2,
        "INVALID": 0,
        "MALICIOUS": 0,
        "SANE": 0,
        "VALID": 0,
        "total": 199332
    },
    "percentage": {
        "ACTIVE": 99.99899664880702,
        "INACTIVE": 0.008532059212490934,
        "INVALID": 0,
        "MALICIOUS": 0,
        "SANE": 0,
        "VALID": 0,
        "total": 100.0075287080195
    }
}