{
    "counter": {
        "ACTIVE": 40177,
        "INACTIVE": 2,
        "INVALID": 0,
        "MALICIOUS": 0,
        "SANE": 0,
        "VALID": 0,
        "total": 40179
    },
    "percentage": {
        "ACTIVE": 99.99502227531795,
        "INACTIVE": 0.008532059212490934,
        "INVALID": 0,
        "MALICIOUS": 0,
        "SANE": 0,
        "VALID": 0,
        "total": 100.00355433453043
    }
}