{
    "counter": {
        "ACTIVE": 179769,
        "INACTIVE": 2,
        "INVALID": 0,
        "MALICIOUS": 0,
        "SANE": 0,
        "VALID": 0,
        "total": 179771
    },
    "percentage": {
        "ACTIVE": 99.99888747350796,
        "INACTIVE": 0.008532059212490934,
        "INVALID": 0,
        "MALICIOUS": 0,
        "SANE": 0,
        "VALID": 0,
        "total": 100.00741953272045
    }
}