{
    "counter": {
        "ACTIVE": 121802,
        "INACTIVE": 2,
        "INVALID": 0,
        "MALICIOUS": 0,
        "SANE": 0,
        "VALID": 0,
        "total": 121804
    },
    "percentage": {
        "ACTIVE": 99.99835801779909,
        "INACTIVE": 0.008532059212490934,
        "INVALID": 0,
        "MALICIOUS": 0,
        "SANE": 0,
        "VALID": 0,
        "total": 100.00689007701158
    }
}