{
    "counter": {
        "ACTIVE": 243635,
        "INACTIVE": 2,
        "INVALID": 0,
        "MALICIOUS": 0,
        "SANE": 0,
        "VALID": 0,
        "total": 243637
    },
    "percentage": {
        "ACTIVE": 99.99917910662174,
        "INACTIVE": 0.008532059212490934,
        "INVALID": 0,
        "MALICIOUS": 0,
        "SANE": 0,
        "VALID": 0,
        "total": 100.00771116583422
    }
}