{
    "counter": {
        "ACTIVE": 170061,
        "INACTIVE": 2,
        "INVALID": 0,
        "MALICIOUS": 0,
        "SANE": 0,
        "VALID": 0,
        "total": 170063
    },
    "percentage": {
        "ACTIVE": 99.99882396523641,
        "INACTIVE": 0.008532059212490934,
        "INVALID": 0,
        "MALICIOUS": 0,
        "SANE": 0,
        "VALID": 0,
        "total": 100.0073560244489
    }
}