{
    "counter": {
        "ACTIVE": 49647,
        "INACTIVE": 2,
        "INVALID": 0,
        "MALICIOUS": 0,
        "SANE": 0,
        "VALID": 0,
        "total": 49649
    },
    "percentage": {
        "ACTIVE": 99.99597172148482,
        "INACTIVE": 0.008532059212490934,
        "INVALID": 0,
        "MALICIOUS": 0,
        "SANE": 0,
        "VALID": 0,
        "total": 100.0045037806973
    }
}