{
    "counter": {
        "ACTIVE": 188633,
        "INACTIVE": 2,
        "INVALID": 0,
        "MALICIOUS": 0,
        "SANE": 0,
        "VALID": 0,
        "total": 188635
    },
    "percentage": {
        "ACTIVE": 99.9989397513717,
        "INACTIVE": 0.008532059212490934,
        "INVALID": 0,
        "MALICIOUS": 0,
        "SANE": 0,
        "VALID": 0,
        "total": 100.00747181058418
    }
}