{
    "counter": {
        "ACTIVE": 192000,
        "INACTIVE": 2,
        "INVALID": 0,
        "MALICIOUS": 0,
        "SANE": 0,
        "VALID": 0,
        "total": 192002
    },
    "percentage": {
        "ACTIVE": 99.99895834418392,
        "INACTIVE": 0.008532059212490934,
        "INVALID": 0,
        "MALICIOUS": 0,
        "SANE": 0,
        "VALID": 0,
        "total": 100.0074904033964
    }
}