{
    "counter": {
        "ACTIVE": 153735,
        "INACTIVE": 2,
        "INVALID": 0,
        "MALICIOUS": 0,
        "SANE": 0,
        "VALID": 0,
        "total": 153737
    },
    "percentage": {
        "ACTIVE": 99.99869907699512,
        "INACTIVE": 0.008532059212490934,
        "INVALID": 0,
        "MALICIOUS": 0,
        "SANE": 0,
        "VALID": 0,
        "total": 100.00723113620761
    }
}