{
    "counter": {
        "ACTIVE": 135830,
        "INACTIVE": 2,
        "INVALID": 0,
        "MALICIOUS": 0,
        "SANE": 0,
        "VALID": 0,
        "total": 135832
    },
    "percentage": {
        "ACTIVE": 99.99852759290889,
        "INACTIVE": 0.008532059212490934,
        "INVALID": 0,
        "MALICIOUS": 0,
        "SANE": 0,
        "VALID": 0,
        "total": 100.00705965212137
    }
}