{
    "counter": {
        "ACTIVE": 1522,
        "INACTIVE": 217,
        "INVALID": 0,
        "MALICIOUS": 0,
        "SANE": 0,
        "VALID": 0,
        "total": 1739
    },
    "percentage": {
        "ACTIVE": 87.5215641173088,
        "INACTIVE": 12.485615650172612,
        "INVALID": 0,
        "MALICIOUS": 0,
        "SANE": 0,
        "VALID": 0,
        "total": 100.0071797674814
    }
}