{
    "counter": {
        "ACTIVE": 1839,
        "INACTIVE": 1559,
        "INVALID": 1,
        "MALICIOUS": 0,
        "SANE": 0,
        "VALID": 0,
        "total": 3399
    },
    "percentage": {
        "ACTIVE": 54.12007062978223,
        "INACTIVE": 45.866431303324504,
        "INVALID": 0.3875968992248062,
        "MALICIOUS": 0,
        "SANE": 0,
        "VALID": 0,
        "total": 100.37409883233153
    }
}