{
    "counter": {
        "ACTIVE": 205263,
        "INACTIVE": 2,
        "INVALID": 0,
        "MALICIOUS": 0,
        "SANE": 0,
        "VALID": 0,
        "total": 205265
    },
    "percentage": {
        "ACTIVE": 99.9990256497698,
        "INACTIVE": 0.008532059212490934,
        "INVALID": 0,
        "MALICIOUS": 0,
        "SANE": 0,
        "VALID": 0,
        "total": 100.00755770898229
    }
}