{
    "counter": {
        "ACTIVE": 193482,
        "INACTIVE": 2,
        "INVALID": 0,
        "MALICIOUS": 0,
        "SANE": 0,
        "VALID": 0,
        "total": 193484
    },
    "percentage": {
        "ACTIVE": 99.99896632279672,
        "INACTIVE": 0.008532059212490934,
        "INVALID": 0,
        "MALICIOUS": 0,
        "SANE": 0,
        "VALID": 0,
        "total": 100.0074983820092
    }
}