{
    "counter": {
        "ACTIVE": 225711,
        "INACTIVE": 2,
        "INVALID": 0,
        "MALICIOUS": 0,
        "SANE": 0,
        "VALID": 0,
        "total": 225713
    },
    "percentage": {
        "ACTIVE": 99.99911391900334,
        "INACTIVE": 0.008532059212490934,
        "INVALID": 0,
        "MALICIOUS": 0,
        "SANE": 0,
        "VALID": 0,
        "total": 100.00764597821582
    }
}