{
    "counter": {
        "ACTIVE": 182239,
        "INACTIVE": 2,
        "INVALID": 0,
        "MALICIOUS": 0,
        "SANE": 0,
        "VALID": 0,
        "total": 182241
    },
    "percentage": {
        "ACTIVE": 99.99890255211506,
        "INACTIVE": 0.008532059212490934,
        "INVALID": 0,
        "MALICIOUS": 0,
        "SANE": 0,
        "VALID": 0,
        "total": 100.00743461132754
    }
}