{
    "counter": {
        "ACTIVE": 152155,
        "INACTIVE": 2,
        "INVALID": 0,
        "MALICIOUS": 0,
        "SANE": 0,
        "VALID": 0,
        "total": 152157
    },
    "percentage": {
        "ACTIVE": 99.99868556819601,
        "INACTIVE": 0.008532059212490934,
        "INVALID": 0,
        "MALICIOUS": 0,
        "SANE": 0,
        "VALID": 0,
        "total": 100.0072176274085
    }
}