{
    "counter": {
        "ACTIVE": 158958,
        "INACTIVE": 2,
        "INVALID": 0,
        "MALICIOUS": 0,
        "SANE": 0,
        "VALID": 0,
        "total": 158960
    },
    "percentage": {
        "ACTIVE": 99.99874182184197,
        "INACTIVE": 0.008532059212490934,
        "INVALID": 0,
        "MALICIOUS": 0,
        "SANE": 0,
        "VALID": 0,
        "total": 100.00727388105446
    }
}