{
    "counter": {
        "ACTIVE": 177532,
        "INACTIVE": 2,
        "INVALID": 0,
        "MALICIOUS": 0,
        "SANE": 0,
        "VALID": 0,
        "total": 177534
    },
    "percentage": {
        "ACTIVE": 99.99887345522548,
        "INACTIVE": 0.008532059212490934,
        "INVALID": 0,
        "MALICIOUS": 0,
        "SANE": 0,
        "VALID": 0,
        "total": 100.00740551443796
    }
}