{
    "counter": {
        "ACTIVE": 173795,
        "INACTIVE": 2,
        "INVALID": 0,
        "MALICIOUS": 0,
        "SANE": 0,
        "VALID": 0,
        "total": 173797
    },
    "percentage": {
        "ACTIVE": 99.99884923215015,
        "INACTIVE": 0.008532059212490934,
        "INVALID": 0,
        "MALICIOUS": 0,
        "SANE": 0,
        "VALID": 0,
        "total": 100.00738129136263
    }
}