{
    "counter": {
        "ACTIVE": 222326,
        "INACTIVE": 2,
        "INVALID": 0,
        "MALICIOUS": 0,
        "SANE": 0,
        "VALID": 0,
        "total": 222328
    },
    "percentage": {
        "ACTIVE": 99.99910042819617,
        "INACTIVE": 0.008532059212490934,
        "INVALID": 0,
        "MALICIOUS": 0,
        "SANE": 0,
        "VALID": 0,
        "total": 100.00763248740866
    }
}