{
    "counter": {
        "ACTIVE": 201799,
        "INACTIVE": 2,
        "INVALID": 0,
        "MALICIOUS": 0,
        "SANE": 0,
        "VALID": 0,
        "total": 201801
    },
    "percentage": {
        "ACTIVE": 99.99900892463367,
        "INACTIVE": 0.008532059212490934,
        "INVALID": 0,
        "MALICIOUS": 0,
        "SANE": 0,
        "VALID": 0,
        "total": 100.00754098384616
    }
}