{
    "counter": {
        "ACTIVE": 34700,
        "INACTIVE": 2,
        "INVALID": 0,
        "MALICIOUS": 0,
        "SANE": 0,
        "VALID": 0,
        "total": 34702
    },
    "percentage": {
        "ACTIVE": 99.99423664342113,
        "INACTIVE": 0.008532059212490934,
        "INVALID": 0,
        "MALICIOUS": 0,
        "SANE": 0,
        "VALID": 0,
        "total": 100.00276870263362
    }
}