{
    "counter": {
        "ACTIVE": 74491,
        "INACTIVE": 2,
        "INVALID": 0,
        "MALICIOUS": 0,
        "SANE": 0,
        "VALID": 0,
        "total": 74493
    },
    "percentage": {
        "ACTIVE": 99.99731518397702,
        "INACTIVE": 0.008532059212490934,
        "INVALID": 0,
        "MALICIOUS": 0,
        "SANE": 0,
        "VALID": 0,
        "total": 100.0058472431895
    }
}