{
    "counter": {
        "ACTIVE": 205800,
        "INACTIVE": 2,
        "INVALID": 0,
        "MALICIOUS": 0,
        "SANE": 0,
        "VALID": 0,
        "total": 205802
    },
    "percentage": {
        "ACTIVE": 99.99902819214584,
        "INACTIVE": 0.008532059212490934,
        "INVALID": 0,
        "MALICIOUS": 0,
        "SANE": 0,
        "VALID": 0,
        "total": 100.00756025135833
    }
}