{
    "counter": {
        "ACTIVE": 166349,
        "INACTIVE": 2,
        "INVALID": 0,
        "MALICIOUS": 0,
        "SANE": 0,
        "VALID": 0,
        "total": 166351
    },
    "percentage": {
        "ACTIVE": 99.99879772288715,
        "INACTIVE": 0.008532059212490934,
        "INVALID": 0,
        "MALICIOUS": 0,
        "SANE": 0,
        "VALID": 0,
        "total": 100.00732978209963
    }
}