{
    "counter": {
        "ACTIVE": 160557,
        "INACTIVE": 2,
        "INVALID": 0,
        "MALICIOUS": 0,
        "SANE": 0,
        "VALID": 0,
        "total": 160559
    },
    "percentage": {
        "ACTIVE": 99.99875435198275,
        "INACTIVE": 0.008532059212490934,
        "INVALID": 0,
        "MALICIOUS": 0,
        "SANE": 0,
        "VALID": 0,
        "total": 100.00728641119524
    }
}