{
    "counter": {
        "ACTIVE": 225636,
        "INACTIVE": 2,
        "INVALID": 0,
        "MALICIOUS": 0,
        "SANE": 0,
        "VALID": 0,
        "total": 225638
    },
    "percentage": {
        "ACTIVE": 99.99911362447814,
        "INACTIVE": 0.008532059212490934,
        "INVALID": 0,
        "MALICIOUS": 0,
        "SANE": 0,
        "VALID": 0,
        "total": 100.00764568369063
    }
}