{
    "counter": {
        "ACTIVE": 124804,
        "INACTIVE": 2,
        "INVALID": 0,
        "MALICIOUS": 0,
        "SANE": 0,
        "VALID": 0,
        "total": 124806
    },
    "percentage": {
        "ACTIVE": 99.99839751294009,
        "INACTIVE": 0.008532059212490934,
        "INVALID": 0,
        "MALICIOUS": 0,
        "SANE": 0,
        "VALID": 0,
        "total": 100.00692957215257
    }
}