{
    "counter": {
        "ACTIVE": 38757,
        "INACTIVE": 2,
        "INVALID": 0,
        "MALICIOUS": 0,
        "SANE": 0,
        "VALID": 0,
        "total": 38759
    },
    "percentage": {
        "ACTIVE": 99.99483990815037,
        "INACTIVE": 0.008532059212490934,
        "INVALID": 0,
        "MALICIOUS": 0,
        "SANE": 0,
        "VALID": 0,
        "total": 100.00337196736285
    }
}