{
    "counter": {
        "ACTIVE": 662,
        "INACTIVE": 445,
        "INVALID": 1,
        "MALICIOUS": 0,
        "SANE": 0,
        "VALID": 0,
        "total": 1108
    },
    "percentage": {
        "ACTIVE": 59.85533453887884,
        "INACTIVE": 40.16245487364621,
        "INVALID": 0.3875968992248062,
        "MALICIOUS": 0,
        "SANE": 0,
        "VALID": 0,
        "total": 100.40538631174985
    }
}