{
    "counter": {
        "ACTIVE": 227344,
        "INACTIVE": 2,
        "INVALID": 0,
        "MALICIOUS": 0,
        "SANE": 0,
        "VALID": 0,
        "total": 227346
    },
    "percentage": {
        "ACTIVE": 99.99912028362056,
        "INACTIVE": 0.008532059212490934,
        "INVALID": 0,
        "MALICIOUS": 0,
        "SANE": 0,
        "VALID": 0,
        "total": 100.00765234283304
    }
}