{
    "counter": {
        "ACTIVE": 122500,
        "INACTIVE": 2,
        "INVALID": 0,
        "MALICIOUS": 0,
        "SANE": 0,
        "VALID": 0,
        "total": 122502
    },
    "percentage": {
        "ACTIVE": 99.9983673735939,
        "INACTIVE": 0.008532059212490934,
        "INVALID": 0,
        "MALICIOUS": 0,
        "SANE": 0,
        "VALID": 0,
        "total": 100.00689943280638
    }
}