{
    "counter": {
        "ACTIVE": 1640,
        "INACTIVE": 1352,
        "INVALID": 1,
        "MALICIOUS": 0,
        "SANE": 0,
        "VALID": 0,
        "total": 2993
    },
    "percentage": {
        "ACTIVE": 54.8678487788558,
        "INACTIVE": 45.17206815903776,
        "INVALID": 0.3875968992248062,
        "MALICIOUS": 0,
        "SANE": 0,
        "VALID": 0,
        "total": 100.42751383711837
    }
}