{
    "counter": {
        "ACTIVE": 106153,
        "INACTIVE": 2,
        "INVALID": 0,
        "MALICIOUS": 0,
        "SANE": 0,
        "VALID": 0,
        "total": 106155
    },
    "percentage": {
        "ACTIVE": 99.99811596250765,
        "INACTIVE": 0.008532059212490934,
        "INVALID": 0,
        "MALICIOUS": 0,
        "SANE": 0,
        "VALID": 0,
        "total": 100.00664802172014
    }
}