{
    "counter": {
        "ACTIVE": 161844,
        "INACTIVE": 2,
        "INVALID": 0,
        "MALICIOUS": 0,
        "SANE": 0,
        "VALID": 0,
        "total": 161846
    },
    "percentage": {
        "ACTIVE": 99.99876425738047,
        "INACTIVE": 0.008532059212490934,
        "INVALID": 0,
        "MALICIOUS": 0,
        "SANE": 0,
        "VALID": 0,
        "total": 100.00729631659296
    }
}