{
    "counter": {
        "ACTIVE": 168372,
        "INACTIVE": 2,
        "INVALID": 0,
        "MALICIOUS": 0,
        "SANE": 0,
        "VALID": 0,
        "total": 168374
    },
    "percentage": {
        "ACTIVE": 99.99881216814947,
        "INACTIVE": 0.008532059212490934,
        "INVALID": 0,
        "MALICIOUS": 0,
        "SANE": 0,
        "VALID": 0,
        "total": 100.00734422736195
    }
}