{
    "counter": {
        "ACTIVE": 118605,
        "INACTIVE": 2,
        "INVALID": 0,
        "MALICIOUS": 0,
        "SANE": 0,
        "VALID": 0,
        "total": 118607
    },
    "percentage": {
        "ACTIVE": 99.99831375888438,
        "INACTIVE": 0.008532059212490934,
        "INVALID": 0,
        "MALICIOUS": 0,
        "SANE": 0,
        "VALID": 0,
        "total": 100.00684581809686
    }
}