{
    "counter": {
        "ACTIVE": 129227,
        "INACTIVE": 2,
        "INVALID": 0,
        "MALICIOUS": 0,
        "SANE": 0,
        "VALID": 0,
        "total": 129229
    },
    "percentage": {
        "ACTIVE": 99.99845235976444,
        "INACTIVE": 0.008532059212490934,
        "INVALID": 0,
        "MALICIOUS": 0,
        "SANE": 0,
        "VALID": 0,
        "total": 100.00698441897693
    }
}