{
    "counter": {
        "ACTIVE": 45104,
        "INACTIVE": 2,
        "INVALID": 0,
        "MALICIOUS": 0,
        "SANE": 0,
        "VALID": 0,
        "total": 45106
    },
    "percentage": {
        "ACTIVE": 99.99556600008869,
        "INACTIVE": 0.008532059212490934,
        "INVALID": 0,
        "MALICIOUS": 0,
        "SANE": 0,
        "VALID": 0,
        "total": 100.00409805930117
    }
}