{
    "counter": {
        "ACTIVE": 69690,
        "INACTIVE": 2,
        "INVALID": 0,
        "MALICIOUS": 0,
        "SANE": 0,
        "VALID": 0,
        "total": 69692
    },
    "percentage": {
        "ACTIVE": 99.99713023015555,
        "INACTIVE": 0.008532059212490934,
        "INVALID": 0,
        "MALICIOUS": 0,
        "SANE": 0,
        "VALID": 0,
        "total": 100.00566228936803
    }
}