{
    "counter": {
        "ACTIVE": 183242,
        "INACTIVE": 2,
        "INVALID": 0,
        "MALICIOUS": 0,
        "SANE": 0,
        "VALID": 0,
        "total": 183244
    },
    "percentage": {
        "ACTIVE": 99.9989085590797,
        "INACTIVE": 0.008532059212490934,
        "INVALID": 0,
        "MALICIOUS": 0,
        "SANE": 0,
        "VALID": 0,
        "total": 100.00744061829218
    }
}