{
    "counter": {
        "ACTIVE": 245328,
        "INACTIVE": 2,
        "INVALID": 0,
        "MALICIOUS": 0,
        "SANE": 0,
        "VALID": 0,
        "total": 245330
    },
    "percentage": {
        "ACTIVE": 99.99918477153223,
        "INACTIVE": 0.008532059212490934,
        "INVALID": 0,
        "MALICIOUS": 0,
        "SANE": 0,
        "VALID": 0,
        "total": 100.00771683074471
    }
}