{
    "counter": {
        "ACTIVE": 245148,
        "INACTIVE": 2,
        "INVALID": 0,
        "MALICIOUS": 0,
        "SANE": 0,
        "VALID": 0,
        "total": 245150
    },
    "percentage": {
        "ACTIVE": 99.99918417295534,
        "INACTIVE": 0.008532059212490934,
        "INVALID": 0,
        "MALICIOUS": 0,
        "SANE": 0,
        "VALID": 0,
        "total": 100.00771623216782
    }
}