{
    "counter": {
        "ACTIVE": 138068,
        "INACTIVE": 2,
        "INVALID": 0,
        "MALICIOUS": 0,
        "SANE": 0,
        "VALID": 0,
        "total": 138070
    },
    "percentage": {
        "ACTIVE": 99.99855145940465,
        "INACTIVE": 0.008532059212490934,
        "INVALID": 0,
        "MALICIOUS": 0,
        "SANE": 0,
        "VALID": 0,
        "total": 100.00708351861714
    }
}