{
    "counter": {
        "ACTIVE": 234930,
        "INACTIVE": 2,
        "INVALID": 0,
        "MALICIOUS": 0,
        "SANE": 0,
        "VALID": 0,
        "total": 234932
    },
    "percentage": {
        "ACTIVE": 99.99914868983366,
        "INACTIVE": 0.008532059212490934,
        "INVALID": 0,
        "MALICIOUS": 0,
        "SANE": 0,
        "VALID": 0,
        "total": 100.00768074904614
    }
}