{
    "counter": {
        "ACTIVE": 189029,
        "INACTIVE": 2,
        "INVALID": 0,
        "MALICIOUS": 0,
        "SANE": 0,
        "VALID": 0,
        "total": 189031
    },
    "percentage": {
        "ACTIVE": 99.99894197248071,
        "INACTIVE": 0.008532059212490934,
        "INVALID": 0,
        "MALICIOUS": 0,
        "SANE": 0,
        "VALID": 0,
        "total": 100.00747403169319
    }
}