{
    "counter": {
        "ACTIVE": 160411,
        "INACTIVE": 2,
        "INVALID": 0,
        "MALICIOUS": 0,
        "SANE": 0,
        "VALID": 0,
        "total": 160413
    },
    "percentage": {
        "ACTIVE": 99.99875321825537,
        "INACTIVE": 0.008532059212490934,
        "INVALID": 0,
        "MALICIOUS": 0,
        "SANE": 0,
        "VALID": 0,
        "total": 100.00728527746786
    }
}