{
    "counter": {
        "ACTIVE": 94196,
        "INACTIVE": 2,
        "INVALID": 0,
        "MALICIOUS": 0,
        "SANE": 0,
        "VALID": 0,
        "total": 94198
    },
    "percentage": {
        "ACTIVE": 99.99787681267118,
        "INACTIVE": 0.008532059212490934,
        "INVALID": 0,
        "MALICIOUS": 0,
        "SANE": 0,
        "VALID": 0,
        "total": 100.00640887188366
    }
}