{
    "counter": {
        "ACTIVE": 117519,
        "INACTIVE": 2,
        "INVALID": 0,
        "MALICIOUS": 0,
        "SANE": 0,
        "VALID": 0,
        "total": 117521
    },
    "percentage": {
        "ACTIVE": 99.99829817649612,
        "INACTIVE": 0.008532059212490934,
        "INVALID": 0,
        "MALICIOUS": 0,
        "SANE": 0,
        "VALID": 0,
        "total": 100.0068302357086
    }
}