{
    "counter": {
        "ACTIVE": 156650,
        "INACTIVE": 2,
        "INVALID": 0,
        "MALICIOUS": 0,
        "SANE": 0,
        "VALID": 0,
        "total": 156652
    },
    "percentage": {
        "ACTIVE": 99.99872328473303,
        "INACTIVE": 0.008532059212490934,
        "INVALID": 0,
        "MALICIOUS": 0,
        "SANE": 0,
        "VALID": 0,
        "total": 100.00725534394552
    }
}