{
    "counter": {
        "ACTIVE": 169554,
        "INACTIVE": 2,
        "INVALID": 0,
        "MALICIOUS": 0,
        "SANE": 0,
        "VALID": 0,
        "total": 169556
    },
    "percentage": {
        "ACTIVE": 99.99882044870131,
        "INACTIVE": 0.008532059212490934,
        "INVALID": 0,
        "MALICIOUS": 0,
        "SANE": 0,
        "VALID": 0,
        "total": 100.0073525079138
    }
}