{
    "counter": {
        "ACTIVE": 1282,
        "INACTIVE": 918,
        "INVALID": 1,
        "MALICIOUS": 0,
        "SANE": 0,
        "VALID": 0,
        "total": 2201
    },
    "percentage": {
        "ACTIVE": 58.246251703771016,
        "INACTIVE": 41.7462482946794,
        "INVALID": 0.3875968992248062,
        "MALICIOUS": 0,
        "SANE": 0,
        "VALID": 0,
        "total": 100.38009689767522
    }
}