{
    "counter": {
        "ACTIVE": 1396,
        "INACTIVE": 171,
        "INVALID": 0,
        "MALICIOUS": 0,
        "SANE": 0,
        "VALID": 0,
        "total": 1567
    },
    "percentage": {
        "ACTIVE": 89.08742820676451,
        "INACTIVE": 10.947503201024327,
        "INVALID": 0,
        "MALICIOUS": 0,
        "SANE": 0,
        "VALID": 0,
        "total": 100.03493140778885
    }
}