{
    "counter": {
        "ACTIVE": 170309,
        "INACTIVE": 2,
        "INVALID": 0,
        "MALICIOUS": 0,
        "SANE": 0,
        "VALID": 0,
        "total": 170311
    },
    "percentage": {
        "ACTIVE": 99.99882567773074,
        "INACTIVE": 0.008532059212490934,
        "INVALID": 0,
        "MALICIOUS": 0,
        "SANE": 0,
        "VALID": 0,
        "total": 100.00735773694322
    }
}