{
    "counter": {
        "ACTIVE": 1729,
        "INACTIVE": 229,
        "INVALID": 0,
        "MALICIOUS": 0,
        "SANE": 0,
        "VALID": 0,
        "total": 1958
    },
    "percentage": {
        "ACTIVE": 88.30439223697651,
        "INACTIVE": 12.98922291548497,
        "INVALID": 0,
        "MALICIOUS": 0,
        "SANE": 0,
        "VALID": 0,
        "total": 101.29361515246148
    }
}