{
    "counter": {
        "ACTIVE": 217106,
        "INACTIVE": 2,
        "INVALID": 0,
        "MALICIOUS": 0,
        "SANE": 0,
        "VALID": 0,
        "total": 217108
    },
    "percentage": {
        "ACTIVE": 99.9990787994915,
        "INACTIVE": 0.008532059212490934,
        "INVALID": 0,
        "MALICIOUS": 0,
        "SANE": 0,
        "VALID": 0,
        "total": 100.00761085870398
    }
}