{
    "counter": {
        "ACTIVE": 243776,
        "INACTIVE": 2,
        "INVALID": 0,
        "MALICIOUS": 0,
        "SANE": 0,
        "VALID": 0,
        "total": 243778
    },
    "percentage": {
        "ACTIVE": 99.99917958142244,
        "INACTIVE": 0.008532059212490934,
        "INVALID": 0,
        "MALICIOUS": 0,
        "SANE": 0,
        "VALID": 0,
        "total": 100.00771164063492
    }
}