{
    "counter": {
        "ACTIVE": 1521,
        "INACTIVE": 1182,
        "INVALID": 1,
        "MALICIOUS": 0,
        "SANE": 0,
        "VALID": 0,
        "total": 2704
    },
    "percentage": {
        "ACTIVE": 56.29163582531458,
        "INACTIVE": 43.71301775147929,
        "INVALID": 0.3875968992248062,
        "MALICIOUS": 0,
        "SANE": 0,
        "VALID": 0,
        "total": 100.39225047601867
    }
}