{
    "counter": {
        "ACTIVE": 221058,
        "INACTIVE": 2,
        "INVALID": 0,
        "MALICIOUS": 0,
        "SANE": 0,
        "VALID": 0,
        "total": 221060
    },
    "percentage": {
        "ACTIVE": 99.99909526825296,
        "INACTIVE": 0.008532059212490934,
        "INVALID": 0,
        "MALICIOUS": 0,
        "SANE": 0,
        "VALID": 0,
        "total": 100.00762732746544
    }
}