{
    "counter": {
        "ACTIVE": 211336,
        "INACTIVE": 2,
        "INVALID": 0,
        "MALICIOUS": 0,
        "SANE": 0,
        "VALID": 0,
        "total": 211338
    },
    "percentage": {
        "ACTIVE": 99.99905364865761,
        "INACTIVE": 0.008532059212490934,
        "INVALID": 0,
        "MALICIOUS": 0,
        "SANE": 0,
        "VALID": 0,
        "total": 100.00758570787009
    }
}