{
    "counter": {
        "ACTIVE": 103891,
        "INACTIVE": 2,
        "INVALID": 0,
        "MALICIOUS": 0,
        "SANE": 0,
        "VALID": 0,
        "total": 103893
    },
    "percentage": {
        "ACTIVE": 99.99807494248891,
        "INACTIVE": 0.008532059212490934,
        "INVALID": 0,
        "MALICIOUS": 0,
        "SANE": 0,
        "VALID": 0,
        "total": 100.0066070017014
    }
}