{
    "counter": {
        "ACTIVE": 160667,
        "INACTIVE": 2,
        "INVALID": 0,
        "MALICIOUS": 0,
        "SANE": 0,
        "VALID": 0,
        "total": 160669
    },
    "percentage": {
        "ACTIVE": 99.99875520479993,
        "INACTIVE": 0.008532059212490934,
        "INVALID": 0,
        "MALICIOUS": 0,
        "SANE": 0,
        "VALID": 0,
        "total": 100.00728726401242
    }
}