{
    "counter": {
        "ACTIVE": 97731,
        "INACTIVE": 2,
        "INVALID": 0,
        "MALICIOUS": 0,
        "SANE": 0,
        "VALID": 0,
        "total": 97733
    },
    "percentage": {
        "ACTIVE": 99.99795360830016,
        "INACTIVE": 0.008532059212490934,
        "INVALID": 0,
        "MALICIOUS": 0,
        "SANE": 0,
        "VALID": 0,
        "total": 100.00648566751265
    }
}