{
    "counter": {
        "ACTIVE": 220526,
        "INACTIVE": 2,
        "INVALID": 0,
        "MALICIOUS": 0,
        "SANE": 0,
        "VALID": 0,
        "total": 220528
    },
    "percentage": {
        "ACTIVE": 99.99909308568526,
        "INACTIVE": 0.008532059212490934,
        "INVALID": 0,
        "MALICIOUS": 0,
        "SANE": 0,
        "VALID": 0,
        "total": 100.00762514489774
    }
}