{
    "counter": {
        "ACTIVE": 163708,
        "INACTIVE": 2,
        "INVALID": 0,
        "MALICIOUS": 0,
        "SANE": 0,
        "VALID": 0,
        "total": 163710
    },
    "percentage": {
        "ACTIVE": 99.99877832753039,
        "INACTIVE": 0.008532059212490934,
        "INVALID": 0,
        "MALICIOUS": 0,
        "SANE": 0,
        "VALID": 0,
        "total": 100.00731038674287
    }
}