{
    "counter": {
        "ACTIVE": 151435,
        "INACTIVE": 2,
        "INVALID": 0,
        "MALICIOUS": 0,
        "SANE": 0,
        "VALID": 0,
        "total": 151437
    },
    "percentage": {
        "ACTIVE": 99.99867931879264,
        "INACTIVE": 0.008532059212490934,
        "INVALID": 0,
        "MALICIOUS": 0,
        "SANE": 0,
        "VALID": 0,
        "total": 100.00721137800512
    }
}