{
    "counter": {
        "ACTIVE": 193386,
        "INACTIVE": 2,
        "INVALID": 0,
        "MALICIOUS": 0,
        "SANE": 0,
        "VALID": 0,
        "total": 193388
    },
    "percentage": {
        "ACTIVE": 99.99896580966761,
        "INACTIVE": 0.008532059212490934,
        "INVALID": 0,
        "MALICIOUS": 0,
        "SANE": 0,
        "VALID": 0,
        "total": 100.0074978688801
    }
}