{
    "counter": {
        "ACTIVE": 85688,
        "INACTIVE": 2,
        "INVALID": 0,
        "MALICIOUS": 0,
        "SANE": 0,
        "VALID": 0,
        "total": 85690
    },
    "percentage": {
        "ACTIVE": 99.99766600536819,
        "INACTIVE": 0.008532059212490934,
        "INVALID": 0,
        "MALICIOUS": 0,
        "SANE": 0,
        "VALID": 0,
        "total": 100.00619806458067
    }
}