{
    "counter": {
        "ACTIVE": 179577,
        "INACTIVE": 2,
        "INVALID": 0,
        "MALICIOUS": 0,
        "SANE": 0,
        "VALID": 0,
        "total": 179579
    },
    "percentage": {
        "ACTIVE": 99.99888628403099,
        "INACTIVE": 0.008532059212490934,
        "INVALID": 0,
        "MALICIOUS": 0,
        "SANE": 0,
        "VALID": 0,
        "total": 100.00741834324347
    }
}