{
    "counter": {
        "ACTIVE": 187145,
        "INACTIVE": 2,
        "INVALID": 0,
        "MALICIOUS": 0,
        "SANE": 0,
        "VALID": 0,
        "total": 187147
    },
    "percentage": {
        "ACTIVE": 99.99893132136769,
        "INACTIVE": 0.008532059212490934,
        "INVALID": 0,
        "MALICIOUS": 0,
        "SANE": 0,
        "VALID": 0,
        "total": 100.00746338058018
    }
}