{
    "counter": {
        "ACTIVE": 204188,
        "INACTIVE": 2,
        "INVALID": 0,
        "MALICIOUS": 0,
        "SANE": 0,
        "VALID": 0,
        "total": 204190
    },
    "percentage": {
        "ACTIVE": 99.99902052010383,
        "INACTIVE": 0.008532059212490934,
        "INVALID": 0,
        "MALICIOUS": 0,
        "SANE": 0,
        "VALID": 0,
        "total": 100.00755257931631
    }
}