{
    "counter": {
        "ACTIVE": 163941,
        "INACTIVE": 2,
        "INVALID": 0,
        "MALICIOUS": 0,
        "SANE": 0,
        "VALID": 0,
        "total": 163943
    },
    "percentage": {
        "ACTIVE": 99.99878006380267,
        "INACTIVE": 0.008532059212490934,
        "INVALID": 0,
        "MALICIOUS": 0,
        "SANE": 0,
        "VALID": 0,
        "total": 100.00731212301515
    }
}