{
    "counter": {
        "ACTIVE": 1372,
        "INACTIVE": 1036,
        "INVALID": 1,
        "MALICIOUS": 0,
        "SANE": 0,
        "VALID": 0,
        "total": 2409
    },
    "percentage": {
        "ACTIVE": 57.671290458175704,
        "INACTIVE": 43.00539643005396,
        "INVALID": 0.3875968992248062,
        "MALICIOUS": 0,
        "SANE": 0,
        "VALID": 0,
        "total": 101.06428378745447
    }
}