{
    "counter": {
        "ACTIVE": 130315,
        "INACTIVE": 2,
        "INVALID": 0,
        "MALICIOUS": 0,
        "SANE": 0,
        "VALID": 0,
        "total": 130317
    },
    "percentage": {
        "ACTIVE": 99.99846528081524,
        "INACTIVE": 0.008532059212490934,
        "INVALID": 0,
        "MALICIOUS": 0,
        "SANE": 0,
        "VALID": 0,
        "total": 100.00699734002772
    }
}