{
    "counter": {
        "ACTIVE": 169298,
        "INACTIVE": 2,
        "INVALID": 0,
        "MALICIOUS": 0,
        "SANE": 0,
        "VALID": 0,
        "total": 169300
    },
    "percentage": {
        "ACTIVE": 99.99881866509155,
        "INACTIVE": 0.008532059212490934,
        "INVALID": 0,
        "MALICIOUS": 0,
        "SANE": 0,
        "VALID": 0,
        "total": 100.00735072430403
    }
}