{
    "counter": {
        "ACTIVE": 211961,
        "INACTIVE": 2,
        "INVALID": 0,
        "MALICIOUS": 0,
        "SANE": 0,
        "VALID": 0,
        "total": 211963
    },
    "percentage": {
        "ACTIVE": 99.9990564390955,
        "INACTIVE": 0.008532059212490934,
        "INVALID": 0,
        "MALICIOUS": 0,
        "SANE": 0,
        "VALID": 0,
        "total": 100.00758849830798
    }
}