{
    "counter": {
        "ACTIVE": 233289,
        "INACTIVE": 2,
        "INVALID": 0,
        "MALICIOUS": 0,
        "SANE": 0,
        "VALID": 0,
        "total": 233291
    },
    "percentage": {
        "ACTIVE": 99.99914270160443,
        "INACTIVE": 0.008532059212490934,
        "INVALID": 0,
        "MALICIOUS": 0,
        "SANE": 0,
        "VALID": 0,
        "total": 100.00767476081691
    }
}