{
    "counter": {
        "ACTIVE": 68935,
        "INACTIVE": 2,
        "INVALID": 0,
        "MALICIOUS": 0,
        "SANE": 0,
        "VALID": 0,
        "total": 68937
    },
    "percentage": {
        "ACTIVE": 99.99709880035395,
        "INACTIVE": 0.008532059212490934,
        "INVALID": 0,
        "MALICIOUS": 0,
        "SANE": 0,
        "VALID": 0,
        "total": 100.00563085956644
    }
}