{
    "counter": {
        "ACTIVE": 117201,
        "INACTIVE": 2,
        "INVALID": 0,
        "MALICIOUS": 0,
        "SANE": 0,
        "VALID": 0,
        "total": 117203
    },
    "percentage": {
        "ACTIVE": 99.99829355903859,
        "INACTIVE": 0.008532059212490934,
        "INVALID": 0,
        "MALICIOUS": 0,
        "SANE": 0,
        "VALID": 0,
        "total": 100.00682561825107
    }
}