{
    "counter": {
        "ACTIVE": 206746,
        "INACTIVE": 2,
        "INVALID": 0,
        "MALICIOUS": 0,
        "SANE": 0,
        "VALID": 0,
        "total": 206748
    },
    "percentage": {
        "ACTIVE": 99.99903263876797,
        "INACTIVE": 0.008532059212490934,
        "INVALID": 0,
        "MALICIOUS": 0,
        "SANE": 0,
        "VALID": 0,
        "total": 100.00756469798046
    }
}