{
    "counter": {
        "ACTIVE": 101233,
        "INACTIVE": 2,
        "INVALID": 0,
        "MALICIOUS": 0,
        "SANE": 0,
        "VALID": 0,
        "total": 101235
    },
    "percentage": {
        "ACTIVE": 99.99802439867635,
        "INACTIVE": 0.008532059212490934,
        "INVALID": 0,
        "MALICIOUS": 0,
        "SANE": 0,
        "VALID": 0,
        "total": 100.00655645788883
    }
}