{
    "counter": {
        "ACTIVE": 233016,
        "INACTIVE": 2,
        "INVALID": 0,
        "MALICIOUS": 0,
        "SANE": 0,
        "VALID": 0,
        "total": 233018
    },
    "percentage": {
        "ACTIVE": 99.99914169720795,
        "INACTIVE": 0.008532059212490934,
        "INVALID": 0,
        "MALICIOUS": 0,
        "SANE": 0,
        "VALID": 0,
        "total": 100.00767375642043
    }
}