{
    "counter": {
        "ACTIVE": 196806,
        "INACTIVE": 2,
        "INVALID": 0,
        "MALICIOUS": 0,
        "SANE": 0,
        "VALID": 0,
        "total": 196808
    },
    "percentage": {
        "ACTIVE": 99.9989837811471,
        "INACTIVE": 0.008532059212490934,
        "INVALID": 0,
        "MALICIOUS": 0,
        "SANE": 0,
        "VALID": 0,
        "total": 100.00751584035959
    }
}