{
    "counter": {
        "ACTIVE": 228958,
        "INACTIVE": 2,
        "INVALID": 0,
        "MALICIOUS": 0,
        "SANE": 0,
        "VALID": 0,
        "total": 228960
    },
    "percentage": {
        "ACTIVE": 99.99912648497555,
        "INACTIVE": 0.008532059212490934,
        "INVALID": 0,
        "MALICIOUS": 0,
        "SANE": 0,
        "VALID": 0,
        "total": 100.00765854418803
    }
}