{
    "counter": {
        "ACTIVE": 165844,
        "INACTIVE": 2,
        "INVALID": 0,
        "MALICIOUS": 0,
        "SANE": 0,
        "VALID": 0,
        "total": 165846
    },
    "percentage": {
        "ACTIVE": 99.99879406196109,
        "INACTIVE": 0.008532059212490934,
        "INVALID": 0,
        "MALICIOUS": 0,
        "SANE": 0,
        "VALID": 0,
        "total": 100.00732612117358
    }
}