{
    "counter": {
        "ACTIVE": 1932,
        "INACTIVE": 3,
        "INVALID": 0,
        "MALICIOUS": 0,
        "SANE": 0,
        "VALID": 0,
        "total": 1935
    },
    "percentage": {
        "ACTIVE": 99.84496124031008,
        "INACTIVE": 0.3508771929824561,
        "INVALID": 0,
        "MALICIOUS": 0,
        "SANE": 0,
        "VALID": 0,
        "total": 100.19583843329254
    }
}