{
    "counter": {
        "ACTIVE": 188658,
        "INACTIVE": 2,
        "INVALID": 0,
        "MALICIOUS": 0,
        "SANE": 0,
        "VALID": 0,
        "total": 188660
    },
    "percentage": {
        "ACTIVE": 99.99893989186897,
        "INACTIVE": 0.008532059212490934,
        "INVALID": 0,
        "MALICIOUS": 0,
        "SANE": 0,
        "VALID": 0,
        "total": 100.00747195108146
    }
}