{
    "counter": {
        "ACTIVE": 241328,
        "INACTIVE": 2,
        "INVALID": 0,
        "MALICIOUS": 0,
        "SANE": 0,
        "VALID": 0,
        "total": 241330
    },
    "percentage": {
        "ACTIVE": 99.99917125927153,
        "INACTIVE": 0.008532059212490934,
        "INVALID": 0,
        "MALICIOUS": 0,
        "SANE": 0,
        "VALID": 0,
        "total": 100.00770331848402
    }
}