{
    "counter": {
        "ACTIVE": 136748,
        "INACTIVE": 2,
        "INVALID": 0,
        "MALICIOUS": 0,
        "SANE": 0,
        "VALID": 0,
        "total": 136750
    },
    "percentage": {
        "ACTIVE": 99.99853747714808,
        "INACTIVE": 0.008532059212490934,
        "INVALID": 0,
        "MALICIOUS": 0,
        "SANE": 0,
        "VALID": 0,
        "total": 100.00706953636056
    }
}