{
    "counter": {
        "ACTIVE": 126848,
        "INACTIVE": 2,
        "INVALID": 0,
        "MALICIOUS": 0,
        "SANE": 0,
        "VALID": 0,
        "total": 126850
    },
    "percentage": {
        "ACTIVE": 99.99842333464723,
        "INACTIVE": 0.008532059212490934,
        "INVALID": 0,
        "MALICIOUS": 0,
        "SANE": 0,
        "VALID": 0,
        "total": 100.00695539385971
    }
}