{
    "counter": {
        "ACTIVE": 113192,
        "INACTIVE": 2,
        "INVALID": 0,
        "MALICIOUS": 0,
        "SANE": 0,
        "VALID": 0,
        "total": 113194
    },
    "percentage": {
        "ACTIVE": 99.99823312189692,
        "INACTIVE": 0.008532059212490934,
        "INVALID": 0,
        "MALICIOUS": 0,
        "SANE": 0,
        "VALID": 0,
        "total": 100.0067651811094
    }
}