{
    "counter": {
        "ACTIVE": 103013,
        "INACTIVE": 2,
        "INVALID": 0,
        "MALICIOUS": 0,
        "SANE": 0,
        "VALID": 0,
        "total": 103015
    },
    "percentage": {
        "ACTIVE": 99.99805853516479,
        "INACTIVE": 0.008532059212490934,
        "INVALID": 0,
        "MALICIOUS": 0,
        "SANE": 0,
        "VALID": 0,
        "total": 100.00659059437727
    }
}