{
    "counter": {
        "ACTIVE": 242781,
        "INACTIVE": 2,
        "INVALID": 0,
        "MALICIOUS": 0,
        "SANE": 0,
        "VALID": 0,
        "total": 242783
    },
    "percentage": {
        "ACTIVE": 99.99917621909277,
        "INACTIVE": 0.008532059212490934,
        "INVALID": 0,
        "MALICIOUS": 0,
        "SANE": 0,
        "VALID": 0,
        "total": 100.00770827830526
    }
}