{
    "counter": {
        "ACTIVE": 153455,
        "INACTIVE": 2,
        "INVALID": 0,
        "MALICIOUS": 0,
        "SANE": 0,
        "VALID": 0,
        "total": 153457
    },
    "percentage": {
        "ACTIVE": 99.99869670331103,
        "INACTIVE": 0.008532059212490934,
        "INVALID": 0,
        "MALICIOUS": 0,
        "SANE": 0,
        "VALID": 0,
        "total": 100.00722876252351
    }
}