{
    "counter": {
        "ACTIVE": 222775,
        "INACTIVE": 2,
        "INVALID": 0,
        "MALICIOUS": 0,
        "SANE": 0,
        "VALID": 0,
        "total": 222777
    },
    "percentage": {
        "ACTIVE": 99.9991022412547,
        "INACTIVE": 0.008532059212490934,
        "INVALID": 0,
        "MALICIOUS": 0,
        "SANE": 0,
        "VALID": 0,
        "total": 100.00763430046719
    }
}