{
    "counter": {
        "ACTIVE": 183059,
        "INACTIVE": 2,
        "INVALID": 0,
        "MALICIOUS": 0,
        "SANE": 0,
        "VALID": 0,
        "total": 183061
    },
    "percentage": {
        "ACTIVE": 99.99890746800247,
        "INACTIVE": 0.008532059212490934,
        "INVALID": 0,
        "MALICIOUS": 0,
        "SANE": 0,
        "VALID": 0,
        "total": 100.00743952721496
    }
}