{
    "counter": {
        "ACTIVE": 232337,
        "INACTIVE": 2,
        "INVALID": 0,
        "MALICIOUS": 0,
        "SANE": 0,
        "VALID": 0,
        "total": 232339
    },
    "percentage": {
        "ACTIVE": 99.99913918885765,
        "INACTIVE": 0.008532059212490934,
        "INVALID": 0,
        "MALICIOUS": 0,
        "SANE": 0,
        "VALID": 0,
        "total": 100.00767124807014
    }
}