{
    "counter": {
        "ACTIVE": 211811,
        "INACTIVE": 2,
        "INVALID": 0,
        "MALICIOUS": 0,
        "SANE": 0,
        "VALID": 0,
        "total": 211813
    },
    "percentage": {
        "ACTIVE": 99.99905577089226,
        "INACTIVE": 0.008532059212490934,
        "INVALID": 0,
        "MALICIOUS": 0,
        "SANE": 0,
        "VALID": 0,
        "total": 100.00758783010474
    }
}