{
    "counter": {
        "ACTIVE": 244349,
        "INACTIVE": 2,
        "INVALID": 0,
        "MALICIOUS": 0,
        "SANE": 0,
        "VALID": 0,
        "total": 244351
    },
    "percentage": {
        "ACTIVE": 99.99918150529362,
        "INACTIVE": 0.008532059212490934,
        "INVALID": 0,
        "MALICIOUS": 0,
        "SANE": 0,
        "VALID": 0,
        "total": 100.0077135645061
    }
}