{
    "counter": {
        "ACTIVE": 240628,
        "INACTIVE": 2,
        "INVALID": 0,
        "MALICIOUS": 0,
        "SANE": 0,
        "VALID": 0,
        "total": 240630
    },
    "percentage": {
        "ACTIVE": 99.99916884843951,
        "INACTIVE": 0.008532059212490934,
        "INVALID": 0,
        "MALICIOUS": 0,
        "SANE": 0,
        "VALID": 0,
        "total": 100.007700907652
    }
}