{
    "counter": {
        "ACTIVE": 117922,
        "INACTIVE": 2,
        "INVALID": 0,
        "MALICIOUS": 0,
        "SANE": 0,
        "VALID": 0,
        "total": 117924
    },
    "percentage": {
        "ACTIVE": 99.99830399240189,
        "INACTIVE": 0.008532059212490934,
        "INVALID": 0,
        "MALICIOUS": 0,
        "SANE": 0,
        "VALID": 0,
        "total": 100.00683605161437
    }
}