{
    "counter": {
        "ACTIVE": 230001,
        "INACTIVE": 2,
        "INVALID": 0,
        "MALICIOUS": 0,
        "SANE": 0,
        "VALID": 0,
        "total": 230003
    },
    "percentage": {
        "ACTIVE": 99.99913044612461,
        "INACTIVE": 0.008532059212490934,
        "INVALID": 0,
        "MALICIOUS": 0,
        "SANE": 0,
        "VALID": 0,
        "total": 100.0076625053371
    }
}