{
    "counter": {
        "ACTIVE": 159170,
        "INACTIVE": 2,
        "INVALID": 0,
        "MALICIOUS": 0,
        "SANE": 0,
        "VALID": 0,
        "total": 159172
    },
    "percentage": {
        "ACTIVE": 99.99874349760007,
        "INACTIVE": 0.008532059212490934,
        "INVALID": 0,
        "MALICIOUS": 0,
        "SANE": 0,
        "VALID": 0,
        "total": 100.00727555681256
    }
}