{
    "counter": {
        "ACTIVE": 193593,
        "INACTIVE": 2,
        "INVALID": 0,
        "MALICIOUS": 0,
        "SANE": 0,
        "VALID": 0,
        "total": 193595
    },
    "percentage": {
        "ACTIVE": 99.99896691546786,
        "INACTIVE": 0.008532059212490934,
        "INVALID": 0,
        "MALICIOUS": 0,
        "SANE": 0,
        "VALID": 0,
        "total": 100.00749897468035
    }
}