{
    "counter": {
        "ACTIVE": 202577,
        "INACTIVE": 2,
        "INVALID": 0,
        "MALICIOUS": 0,
        "SANE": 0,
        "VALID": 0,
        "total": 202579
    },
    "percentage": {
        "ACTIVE": 99.99901273083587,
        "INACTIVE": 0.008532059212490934,
        "INVALID": 0,
        "MALICIOUS": 0,
        "SANE": 0,
        "VALID": 0,
        "total": 100.00754479004836
    }
}