{
    "counter": {
        "ACTIVE": 175114,
        "INACTIVE": 2,
        "INVALID": 0,
        "MALICIOUS": 0,
        "SANE": 0,
        "VALID": 0,
        "total": 175116
    },
    "percentage": {
        "ACTIVE": 99.99885789990635,
        "INACTIVE": 0.008532059212490934,
        "INVALID": 0,
        "MALICIOUS": 0,
        "SANE": 0,
        "VALID": 0,
        "total": 100.00738995911884
    }
}