{
    "counter": {
        "ACTIVE": 90459,
        "INACTIVE": 2,
        "INVALID": 0,
        "MALICIOUS": 0,
        "SANE": 0,
        "VALID": 0,
        "total": 90461
    },
    "percentage": {
        "ACTIVE": 99.99778910248615,
        "INACTIVE": 0.008532059212490934,
        "INVALID": 0,
        "MALICIOUS": 0,
        "SANE": 0,
        "VALID": 0,
        "total": 100.00632116169864
    }
}