{
    "counter": {
        "ACTIVE": 236363,
        "INACTIVE": 2,
        "INVALID": 0,
        "MALICIOUS": 0,
        "SANE": 0,
        "VALID": 0,
        "total": 236365
    },
    "percentage": {
        "ACTIVE": 99.99915385103547,
        "INACTIVE": 0.008532059212490934,
        "INVALID": 0,
        "MALICIOUS": 0,
        "SANE": 0,
        "VALID": 0,
        "total": 100.00768591024796
    }
}