{
    "counter": {
        "ACTIVE": 114446,
        "INACTIVE": 2,
        "INVALID": 0,
        "MALICIOUS": 0,
        "SANE": 0,
        "VALID": 0,
        "total": 114448
    },
    "percentage": {
        "ACTIVE": 99.9982524814763,
        "INACTIVE": 0.008532059212490934,
        "INVALID": 0,
        "MALICIOUS": 0,
        "SANE": 0,
        "VALID": 0,
        "total": 100.00678454068878
    }
}