{
    "counter": {
        "ACTIVE": 1937,
        "INACTIVE": 1,
        "INVALID": 0,
        "MALICIOUS": 0,
        "SANE": 0,
        "VALID": 0,
        "total": 1938
    },
    "percentage": {
        "ACTIVE": 99.9484004127967,
        "INACTIVE": 0.07633587786259542,
        "INVALID": 0,
        "MALICIOUS": 0,
        "SANE": 0,
        "VALID": 0,
        "total": 100.02473629065929
    }
}