{
    "counter": {
        "ACTIVE": 233945,
        "INACTIVE": 2,
        "INVALID": 0,
        "MALICIOUS": 0,
        "SANE": 0,
        "VALID": 0,
        "total": 233947
    },
    "percentage": {
        "ACTIVE": 99.99914510551535,
        "INACTIVE": 0.008532059212490934,
        "INVALID": 0,
        "MALICIOUS": 0,
        "SANE": 0,
        "VALID": 0,
        "total": 100.00767716472784
    }
}