{
    "counter": {
        "ACTIVE": 113370,
        "INACTIVE": 2,
        "INVALID": 0,
        "MALICIOUS": 0,
        "SANE": 0,
        "VALID": 0,
        "total": 113372
    },
    "percentage": {
        "ACTIVE": 99.99823589598843,
        "INACTIVE": 0.008532059212490934,
        "INVALID": 0,
        "MALICIOUS": 0,
        "SANE": 0,
        "VALID": 0,
        "total": 100.00676795520091
    }
}