{
    "counter": {
        "ACTIVE": 123976,
        "INACTIVE": 2,
        "INVALID": 0,
        "MALICIOUS": 0,
        "SANE": 0,
        "VALID": 0,
        "total": 123978
    },
    "percentage": {
        "ACTIVE": 99.99838681056316,
        "INACTIVE": 0.008532059212490934,
        "INVALID": 0,
        "MALICIOUS": 0,
        "SANE": 0,
        "VALID": 0,
        "total": 100.00691886977565
    }
}