{
    "counter": {
        "ACTIVE": 115261,
        "INACTIVE": 2,
        "INVALID": 0,
        "MALICIOUS": 0,
        "SANE": 0,
        "VALID": 0,
        "total": 115263
    },
    "percentage": {
        "ACTIVE": 99.99826483780572,
        "INACTIVE": 0.008532059212490934,
        "INVALID": 0,
        "MALICIOUS": 0,
        "SANE": 0,
        "VALID": 0,
        "total": 100.0067968970182
    }
}