{
    "counter": {
        "ACTIVE": 96291,
        "INACTIVE": 2,
        "INVALID": 0,
        "MALICIOUS": 0,
        "SANE": 0,
        "VALID": 0,
        "total": 96293
    },
    "percentage": {
        "ACTIVE": 99.99792300582597,
        "INACTIVE": 0.008532059212490934,
        "INVALID": 0,
        "MALICIOUS": 0,
        "SANE": 0,
        "VALID": 0,
        "total": 100.00645506503845
    }
}