{
    "counter": {
        "ACTIVE": 125207,
        "INACTIVE": 2,
        "INVALID": 0,
        "MALICIOUS": 0,
        "SANE": 0,
        "VALID": 0,
        "total": 125209
    },
    "percentage": {
        "ACTIVE": 99.99840267073454,
        "INACTIVE": 0.008532059212490934,
        "INVALID": 0,
        "MALICIOUS": 0,
        "SANE": 0,
        "VALID": 0,
        "total": 100.00693472994702
    }
}