{
    "counter": {
        "ACTIVE": 1927,
        "INACTIVE": 1,
        "INVALID": 0,
        "MALICIOUS": 0,
        "SANE": 0,
        "VALID": 0,
        "total": 1928
    },
    "percentage": {
        "ACTIVE": 99.94813278008299,
        "INACTIVE": 0.09328358208955224,
        "INVALID": 0,
        "MALICIOUS": 0,
        "SANE": 0,
        "VALID": 0,
        "total": 100.04141636217254
    }
}