{
    "counter": {
        "ACTIVE": 131537,
        "INACTIVE": 2,
        "INVALID": 0,
        "MALICIOUS": 0,
        "SANE": 0,
        "VALID": 0,
        "total": 131539
    },
    "percentage": {
        "ACTIVE": 99.99847953838785,
        "INACTIVE": 0.008532059212490934,
        "INVALID": 0,
        "MALICIOUS": 0,
        "SANE": 0,
        "VALID": 0,
        "total": 100.00701159760034
    }
}