{
    "counter": {
        "ACTIVE": 231690,
        "INACTIVE": 2,
        "INVALID": 0,
        "MALICIOUS": 0,
        "SANE": 0,
        "VALID": 0,
        "total": 231692
    },
    "percentage": {
        "ACTIVE": 99.99913678504221,
        "INACTIVE": 0.008532059212490934,
        "INVALID": 0,
        "MALICIOUS": 0,
        "SANE": 0,
        "VALID": 0,
        "total": 100.0076688442547
    }
}