{
    "counter": {
        "ACTIVE": 194497,
        "INACTIVE": 2,
        "INVALID": 0,
        "MALICIOUS": 0,
        "SANE": 0,
        "VALID": 0,
        "total": 194499
    },
    "percentage": {
        "ACTIVE": 99.99897171707823,
        "INACTIVE": 0.008532059212490934,
        "INVALID": 0,
        "MALICIOUS": 0,
        "SANE": 0,
        "VALID": 0,
        "total": 100.00750377629072
    }
}