{
    "counter": {
        "ACTIVE": 1842,
        "INACTIVE": 1572,
        "INVALID": 1,
        "MALICIOUS": 0,
        "SANE": 0,
        "VALID": 0,
        "total": 3415
    },
    "percentage": {
        "ACTIVE": 53.9385065885798,
        "INACTIVE": 46.04569420035149,
        "INVALID": 0.3875968992248062,
        "MALICIOUS": 0,
        "SANE": 0,
        "VALID": 0,
        "total": 100.3717976881561
    }
}