{
    "counter": {
        "ACTIVE": 148918,
        "INACTIVE": 2,
        "INVALID": 0,
        "MALICIOUS": 0,
        "SANE": 0,
        "VALID": 0,
        "total": 148920
    },
    "percentage": {
        "ACTIVE": 99.99865699704539,
        "INACTIVE": 0.008532059212490934,
        "INVALID": 0,
        "MALICIOUS": 0,
        "SANE": 0,
        "VALID": 0,
        "total": 100.00718905625787
    }
}