{
    "counter": {
        "ACTIVE": 127272,
        "INACTIVE": 2,
        "INVALID": 0,
        "MALICIOUS": 0,
        "SANE": 0,
        "VALID": 0,
        "total": 127274
    },
    "percentage": {
        "ACTIVE": 99.9984285871427,
        "INACTIVE": 0.008532059212490934,
        "INVALID": 0,
        "MALICIOUS": 0,
        "SANE": 0,
        "VALID": 0,
        "total": 100.00696064635518
    }
}