{
    "counter": {
        "ACTIVE": 131217,
        "INACTIVE": 2,
        "INVALID": 0,
        "MALICIOUS": 0,
        "SANE": 0,
        "VALID": 0,
        "total": 131219
    },
    "percentage": {
        "ACTIVE": 99.99847583048187,
        "INACTIVE": 0.008532059212490934,
        "INVALID": 0,
        "MALICIOUS": 0,
        "SANE": 0,
        "VALID": 0,
        "total": 100.00700788969435
    }
}