{
    "counter": {
        "ACTIVE": 234017,
        "INACTIVE": 2,
        "INVALID": 0,
        "MALICIOUS": 0,
        "SANE": 0,
        "VALID": 0,
        "total": 234019
    },
    "percentage": {
        "ACTIVE": 99.99914536853845,
        "INACTIVE": 0.008532059212490934,
        "INVALID": 0,
        "MALICIOUS": 0,
        "SANE": 0,
        "VALID": 0,
        "total": 100.00767742775093
    }
}