{
    "counter": {
        "ACTIVE": 210820,
        "INACTIVE": 2,
        "INVALID": 0,
        "MALICIOUS": 0,
        "SANE": 0,
        "VALID": 0,
        "total": 210822
    },
    "percentage": {
        "ACTIVE": 99.99905133240364,
        "INACTIVE": 0.008532059212490934,
        "INVALID": 0,
        "MALICIOUS": 0,
        "SANE": 0,
        "VALID": 0,
        "total": 100.00758339161612
    }
}