{
    "counter": {
        "ACTIVE": 159830,
        "INACTIVE": 2,
        "INVALID": 0,
        "MALICIOUS": 0,
        "SANE": 0,
        "VALID": 0,
        "total": 159832
    },
    "percentage": {
        "ACTIVE": 99.99874868612042,
        "INACTIVE": 0.008532059212490934,
        "INVALID": 0,
        "MALICIOUS": 0,
        "SANE": 0,
        "VALID": 0,
        "total": 100.0072807453329
    }
}