{
    "counter": {
        "ACTIVE": 243285,
        "INACTIVE": 2,
        "INVALID": 0,
        "MALICIOUS": 0,
        "SANE": 0,
        "VALID": 0,
        "total": 243287
    },
    "percentage": {
        "ACTIVE": 99.99917792565982,
        "INACTIVE": 0.008532059212490934,
        "INVALID": 0,
        "MALICIOUS": 0,
        "SANE": 0,
        "VALID": 0,
        "total": 100.0077099848723
    }
}