{
    "counter": {
        "ACTIVE": 139833,
        "INACTIVE": 2,
        "INVALID": 0,
        "MALICIOUS": 0,
        "SANE": 0,
        "VALID": 0,
        "total": 139835
    },
    "percentage": {
        "ACTIVE": 99.99856974291129,
        "INACTIVE": 0.008532059212490934,
        "INVALID": 0,
        "MALICIOUS": 0,
        "SANE": 0,
        "VALID": 0,
        "total": 100.00710180212377
    }
}