{
    "counter": {
        "ACTIVE": 919,
        "INACTIVE": 621,
        "INVALID": 1,
        "MALICIOUS": 0,
        "SANE": 0,
        "VALID": 0,
        "total": 1541
    },
    "percentage": {
        "ACTIVE": 59.63659961064244,
        "INACTIVE": 40.324675324675326,
        "INVALID": 0.3875968992248062,
        "MALICIOUS": 0,
        "SANE": 0,
        "VALID": 0,
        "total": 100.34887183454256
    }
}