{
    "counter": {
        "ACTIVE": 137631,
        "INACTIVE": 2,
        "INVALID": 0,
        "MALICIOUS": 0,
        "SANE": 0,
        "VALID": 0,
        "total": 137633
    },
    "percentage": {
        "ACTIVE": 99.99854686012802,
        "INACTIVE": 0.008532059212490934,
        "INVALID": 0,
        "MALICIOUS": 0,
        "SANE": 0,
        "VALID": 0,
        "total": 100.0070789193405
    }
}