{
    "counter": {
        "ACTIVE": 125898,
        "INACTIVE": 2,
        "INVALID": 0,
        "MALICIOUS": 0,
        "SANE": 0,
        "VALID": 0,
        "total": 125900
    },
    "percentage": {
        "ACTIVE": 99.99841143764893,
        "INACTIVE": 0.008532059212490934,
        "INVALID": 0,
        "MALICIOUS": 0,
        "SANE": 0,
        "VALID": 0,
        "total": 100.00694349686141
    }
}