{
    "counter": {
        "ACTIVE": 143059,
        "INACTIVE": 2,
        "INVALID": 0,
        "MALICIOUS": 0,
        "SANE": 0,
        "VALID": 0,
        "total": 143061
    },
    "percentage": {
        "ACTIVE": 99.9986019949532,
        "INACTIVE": 0.008532059212490934,
        "INVALID": 0,
        "MALICIOUS": 0,
        "SANE": 0,
        "VALID": 0,
        "total": 100.00713405416569
    }
}