{
    "counter": {
        "ACTIVE": 141064,
        "INACTIVE": 2,
        "INVALID": 0,
        "MALICIOUS": 0,
        "SANE": 0,
        "VALID": 0,
        "total": 141066
    },
    "percentage": {
        "ACTIVE": 99.99858222392355,
        "INACTIVE": 0.008532059212490934,
        "INVALID": 0,
        "MALICIOUS": 0,
        "SANE": 0,
        "VALID": 0,
        "total": 100.00711428313603
    }
}