{
    "counter": {
        "ACTIVE": 140870,
        "INACTIVE": 2,
        "INVALID": 0,
        "MALICIOUS": 0,
        "SANE": 0,
        "VALID": 0,
        "total": 140872
    },
    "percentage": {
        "ACTIVE": 99.9985802714521,
        "INACTIVE": 0.008532059212490934,
        "INVALID": 0,
        "MALICIOUS": 0,
        "SANE": 0,
        "VALID": 0,
        "total": 100.00711233066458
    }
}