{
    "counter": {
        "ACTIVE": 111263,
        "INACTIVE": 2,
        "INVALID": 0,
        "MALICIOUS": 0,
        "SANE": 0,
        "VALID": 0,
        "total": 111265
    },
    "percentage": {
        "ACTIVE": 99.99820248955197,
        "INACTIVE": 0.008532059212490934,
        "INVALID": 0,
        "MALICIOUS": 0,
        "SANE": 0,
        "VALID": 0,
        "total": 100.00673454876446
    }
}