{
    "counter": {
        "ACTIVE": 172891,
        "INACTIVE": 2,
        "INVALID": 0,
        "MALICIOUS": 0,
        "SANE": 0,
        "VALID": 0,
        "total": 172893
    },
    "percentage": {
        "ACTIVE": 99.99884321516777,
        "INACTIVE": 0.008532059212490934,
        "INVALID": 0,
        "MALICIOUS": 0,
        "SANE": 0,
        "VALID": 0,
        "total": 100.00737527438025
    }
}