{
    "counter": {
        "ACTIVE": 176106,
        "INACTIVE": 2,
        "INVALID": 0,
        "MALICIOUS": 0,
        "SANE": 0,
        "VALID": 0,
        "total": 176108
    },
    "percentage": {
        "ACTIVE": 99.99886433325005,
        "INACTIVE": 0.008532059212490934,
        "INVALID": 0,
        "MALICIOUS": 0,
        "SANE": 0,
        "VALID": 0,
        "total": 100.00739639246254
    }
}