{
    "counter": {
        "ACTIVE": 178614,
        "INACTIVE": 2,
        "INVALID": 0,
        "MALICIOUS": 0,
        "SANE": 0,
        "VALID": 0,
        "total": 178616
    },
    "percentage": {
        "ACTIVE": 99.99888027948224,
        "INACTIVE": 0.008532059212490934,
        "INVALID": 0,
        "MALICIOUS": 0,
        "SANE": 0,
        "VALID": 0,
        "total": 100.00741233869472
    }
}