{
    "counter": {
        "ACTIVE": 115,
        "INACTIVE": 42,
        "INVALID": 0,
        "MALICIOUS": 0,
        "SANE": 0,
        "VALID": 0,
        "total": 157
    },
    "percentage": {
        "ACTIVE": 75.65789473684211,
        "INACTIVE": 26.751592356687897,
        "INVALID": 0,
        "MALICIOUS": 0,
        "SANE": 0,
        "VALID": 0,
        "total": 102.40948709353
    }
}