{
    "counter": {
        "ACTIVE": 55340,
        "INACTIVE": 2,
        "INVALID": 0,
        "MALICIOUS": 0,
        "SANE": 0,
        "VALID": 0,
        "total": 55342
    },
    "percentage": {
        "ACTIVE": 99.99638610819991,
        "INACTIVE": 0.008532059212490934,
        "INVALID": 0,
        "MALICIOUS": 0,
        "SANE": 0,
        "VALID": 0,
        "total": 100.0049181674124
    }
}