{
    "counter": {
        "ACTIVE": 147792,
        "INACTIVE": 2,
        "INVALID": 0,
        "MALICIOUS": 0,
        "SANE": 0,
        "VALID": 0,
        "total": 147794
    },
    "percentage": {
        "ACTIVE": 99.99864676509195,
        "INACTIVE": 0.008532059212490934,
        "INVALID": 0,
        "MALICIOUS": 0,
        "SANE": 0,
        "VALID": 0,
        "total": 100.00717882430443
    }
}