{
    "counter": {
        "ACTIVE": 102629,
        "INACTIVE": 2,
        "INVALID": 0,
        "MALICIOUS": 0,
        "SANE": 0,
        "VALID": 0,
        "total": 102631
    },
    "percentage": {
        "ACTIVE": 99.99805127105846,
        "INACTIVE": 0.008532059212490934,
        "INVALID": 0,
        "MALICIOUS": 0,
        "SANE": 0,
        "VALID": 0,
        "total": 100.00658333027094
    }
}