{
    "counter": {
        "ACTIVE": 80940,
        "INACTIVE": 2,
        "INVALID": 0,
        "MALICIOUS": 0,
        "SANE": 0,
        "VALID": 0,
        "total": 80942
    },
    "percentage": {
        "ACTIVE": 99.99752909490746,
        "INACTIVE": 0.008532059212490934,
        "INVALID": 0,
        "MALICIOUS": 0,
        "SANE": 0,
        "VALID": 0,
        "total": 100.00606115411995
    }
}