{
    "counter": {
        "ACTIVE": 136780,
        "INACTIVE": 2,
        "INVALID": 0,
        "MALICIOUS": 0,
        "SANE": 0,
        "VALID": 0,
        "total": 136782
    },
    "percentage": {
        "ACTIVE": 99.9985378193037,
        "INACTIVE": 0.008532059212490934,
        "INVALID": 0,
        "MALICIOUS": 0,
        "SANE": 0,
        "VALID": 0,
        "total": 100.00706987851619
    }
}