{
    "counter": {
        "ACTIVE": 217361,
        "INACTIVE": 2,
        "INVALID": 0,
        "MALICIOUS": 0,
        "SANE": 0,
        "VALID": 0,
        "total": 217363
    },
    "percentage": {
        "ACTIVE": 99.9990798802004,
        "INACTIVE": 0.008532059212490934,
        "INVALID": 0,
        "MALICIOUS": 0,
        "SANE": 0,
        "VALID": 0,
        "total": 100.00761193941288
    }
}