{
    "counter": {
        "ACTIVE": 204349,
        "INACTIVE": 2,
        "INVALID": 0,
        "MALICIOUS": 0,
        "SANE": 0,
        "VALID": 0,
        "total": 204351
    },
    "percentage": {
        "ACTIVE": 99.99902129179695,
        "INACTIVE": 0.008532059212490934,
        "INVALID": 0,
        "MALICIOUS": 0,
        "SANE": 0,
        "VALID": 0,
        "total": 100.00755335100943
    }
}