{
    "counter": {
        "ACTIVE": 200989,
        "INACTIVE": 2,
        "INVALID": 0,
        "MALICIOUS": 0,
        "SANE": 0,
        "VALID": 0,
        "total": 200991
    },
    "percentage": {
        "ACTIVE": 99.99900493056903,
        "INACTIVE": 0.008532059212490934,
        "INVALID": 0,
        "MALICIOUS": 0,
        "SANE": 0,
        "VALID": 0,
        "total": 100.00753698978151
    }
}