{
    "counter": {
        "ACTIVE": 168840,
        "INACTIVE": 2,
        "INVALID": 0,
        "MALICIOUS": 0,
        "SANE": 0,
        "VALID": 0,
        "total": 168842
    },
    "percentage": {
        "ACTIVE": 99.99881546060814,
        "INACTIVE": 0.008532059212490934,
        "INVALID": 0,
        "MALICIOUS": 0,
        "SANE": 0,
        "VALID": 0,
        "total": 100.00734751982063
    }
}