{
    "counter": {
        "ACTIVE": 136275,
        "INACTIVE": 2,
        "INVALID": 0,
        "MALICIOUS": 0,
        "SANE": 0,
        "VALID": 0,
        "total": 136277
    },
    "percentage": {
        "ACTIVE": 99.99853240091872,
        "INACTIVE": 0.008532059212490934,
        "INVALID": 0,
        "MALICIOUS": 0,
        "SANE": 0,
        "VALID": 0,
        "total": 100.0070644601312
    }
}