{
    "counter": {
        "ACTIVE": 90987,
        "INACTIVE": 2,
        "INVALID": 0,
        "MALICIOUS": 0,
        "SANE": 0,
        "VALID": 0,
        "total": 90989
    },
    "percentage": {
        "ACTIVE": 99.99780193210168,
        "INACTIVE": 0.008532059212490934,
        "INVALID": 0,
        "MALICIOUS": 0,
        "SANE": 0,
        "VALID": 0,
        "total": 100.00633399131416
    }
}