{
    "counter": {
        "ACTIVE": 216798,
        "INACTIVE": 2,
        "INVALID": 0,
        "MALICIOUS": 0,
        "SANE": 0,
        "VALID": 0,
        "total": 216800
    },
    "percentage": {
        "ACTIVE": 99.99907749077491,
        "INACTIVE": 0.008532059212490934,
        "INVALID": 0,
        "MALICIOUS": 0,
        "SANE": 0,
        "VALID": 0,
        "total": 100.0076095499874
    }
}