{
    "counter": {
        "ACTIVE": 203450,
        "INACTIVE": 2,
        "INVALID": 0,
        "MALICIOUS": 0,
        "SANE": 0,
        "VALID": 0,
        "total": 203452
    },
    "percentage": {
        "ACTIVE": 99.99901696714704,
        "INACTIVE": 0.008532059212490934,
        "INVALID": 0,
        "MALICIOUS": 0,
        "SANE": 0,
        "VALID": 0,
        "total": 100.00754902635953
    }
}