{
    "counter": {
        "ACTIVE": 233787,
        "INACTIVE": 2,
        "INVALID": 0,
        "MALICIOUS": 0,
        "SANE": 0,
        "VALID": 0,
        "total": 233789
    },
    "percentage": {
        "ACTIVE": 99.99914452775793,
        "INACTIVE": 0.008532059212490934,
        "INVALID": 0,
        "MALICIOUS": 0,
        "SANE": 0,
        "VALID": 0,
        "total": 100.00767658697042
    }
}