{
    "counter": {
        "ACTIVE": 232894,
        "INACTIVE": 2,
        "INVALID": 0,
        "MALICIOUS": 0,
        "SANE": 0,
        "VALID": 0,
        "total": 232896
    },
    "percentage": {
        "ACTIVE": 99.99914124759549,
        "INACTIVE": 0.008532059212490934,
        "INVALID": 0,
        "MALICIOUS": 0,
        "SANE": 0,
        "VALID": 0,
        "total": 100.00767330680797
    }
}