{
    "counter": {
        "ACTIVE": 87336,
        "INACTIVE": 2,
        "INVALID": 0,
        "MALICIOUS": 0,
        "SANE": 0,
        "VALID": 0,
        "total": 87338
    },
    "percentage": {
        "ACTIVE": 99.99771004602808,
        "INACTIVE": 0.008532059212490934,
        "INVALID": 0,
        "MALICIOUS": 0,
        "SANE": 0,
        "VALID": 0,
        "total": 100.00624210524056
    }
}