{
    "counter": {
        "ACTIVE": 241051,
        "INACTIVE": 2,
        "INVALID": 0,
        "MALICIOUS": 0,
        "SANE": 0,
        "VALID": 0,
        "total": 241053
    },
    "percentage": {
        "ACTIVE": 99.99917030694495,
        "INACTIVE": 0.008532059212490934,
        "INVALID": 0,
        "MALICIOUS": 0,
        "SANE": 0,
        "VALID": 0,
        "total": 100.00770236615743
    }
}