{
    "counter": {
        "ACTIVE": 219626,
        "INACTIVE": 2,
        "INVALID": 0,
        "MALICIOUS": 0,
        "SANE": 0,
        "VALID": 0,
        "total": 219628
    },
    "percentage": {
        "ACTIVE": 99.99908936929718,
        "INACTIVE": 0.008532059212490934,
        "INVALID": 0,
        "MALICIOUS": 0,
        "SANE": 0,
        "VALID": 0,
        "total": 100.00762142850967
    }
}