{
    "counter": {
        "ACTIVE": 201355,
        "INACTIVE": 2,
        "INVALID": 0,
        "MALICIOUS": 0,
        "SANE": 0,
        "VALID": 0,
        "total": 201357
    },
    "percentage": {
        "ACTIVE": 99.99900673927402,
        "INACTIVE": 0.008532059212490934,
        "INVALID": 0,
        "MALICIOUS": 0,
        "SANE": 0,
        "VALID": 0,
        "total": 100.00753879848651
    }
}