{
    "counter": {
        "ACTIVE": 448,
        "INACTIVE": 12,
        "INVALID": 0,
        "MALICIOUS": 0,
        "SANE": 0,
        "VALID": 0,
        "total": 460
    },
    "percentage": {
        "ACTIVE": 97.3913043478261,
        "INACTIVE": 2.8503562945368173,
        "INVALID": 0,
        "MALICIOUS": 0,
        "SANE": 0,
        "VALID": 0,
        "total": 100.24166064236292
    }
}