{
    "counter": {
        "ACTIVE": 174906,
        "INACTIVE": 2,
        "INVALID": 0,
        "MALICIOUS": 0,
        "SANE": 0,
        "VALID": 0,
        "total": 174908
    },
    "percentage": {
        "ACTIVE": 99.99885654172479,
        "INACTIVE": 0.008532059212490934,
        "INVALID": 0,
        "MALICIOUS": 0,
        "SANE": 0,
        "VALID": 0,
        "total": 100.00738860093728
    }
}