{
    "counter": {
        "ACTIVE": 201176,
        "INACTIVE": 2,
        "INVALID": 0,
        "MALICIOUS": 0,
        "SANE": 0,
        "VALID": 0,
        "total": 201178
    },
    "percentage": {
        "ACTIVE": 99.99900585551104,
        "INACTIVE": 0.008532059212490934,
        "INVALID": 0,
        "MALICIOUS": 0,
        "SANE": 0,
        "VALID": 0,
        "total": 100.00753791472353
    }
}