{
    "counter": {
        "ACTIVE": 206312,
        "INACTIVE": 2,
        "INVALID": 0,
        "MALICIOUS": 0,
        "SANE": 0,
        "VALID": 0,
        "total": 206314
    },
    "percentage": {
        "ACTIVE": 99.99903060383687,
        "INACTIVE": 0.008532059212490934,
        "INVALID": 0,
        "MALICIOUS": 0,
        "SANE": 0,
        "VALID": 0,
        "total": 100.00756266304936
    }
}