{
    "counter": {
        "ACTIVE": 216272,
        "INACTIVE": 2,
        "INVALID": 0,
        "MALICIOUS": 0,
        "SANE": 0,
        "VALID": 0,
        "total": 216274
    },
    "percentage": {
        "ACTIVE": 99.9990752471402,
        "INACTIVE": 0.008532059212490934,
        "INVALID": 0,
        "MALICIOUS": 0,
        "SANE": 0,
        "VALID": 0,
        "total": 100.00760730635268
    }
}