{
    "counter": {
        "ACTIVE": 1756,
        "INACTIVE": 1443,
        "INVALID": 1,
        "MALICIOUS": 0,
        "SANE": 0,
        "VALID": 0,
        "total": 3200
    },
    "percentage": {
        "ACTIVE": 54.875,
        "INACTIVE": 45.1219512195122,
        "INVALID": 0.3875968992248062,
        "MALICIOUS": 0,
        "SANE": 0,
        "VALID": 0,
        "total": 100.384548118737
    }
}