{
    "counter": {
        "ACTIVE": 212763,
        "INACTIVE": 2,
        "INVALID": 0,
        "MALICIOUS": 0,
        "SANE": 0,
        "VALID": 0,
        "total": 212765
    },
    "percentage": {
        "ACTIVE": 99.99905999576998,
        "INACTIVE": 0.008532059212490934,
        "INVALID": 0,
        "MALICIOUS": 0,
        "SANE": 0,
        "VALID": 0,
        "total": 100.00759205498247
    }
}