{
    "counter": {
        "ACTIVE": 199126,
        "INACTIVE": 2,
        "INVALID": 0,
        "MALICIOUS": 0,
        "SANE": 0,
        "VALID": 0,
        "total": 199128
    },
    "percentage": {
        "ACTIVE": 99.99899562090715,
        "INACTIVE": 0.008532059212490934,
        "INVALID": 0,
        "MALICIOUS": 0,
        "SANE": 0,
        "VALID": 0,
        "total": 100.00752768011964
    }
}