{
    "counter": {
        "ACTIVE": 182014,
        "INACTIVE": 2,
        "INVALID": 0,
        "MALICIOUS": 0,
        "SANE": 0,
        "VALID": 0,
        "total": 182016
    },
    "percentage": {
        "ACTIVE": 99.9989011954993,
        "INACTIVE": 0.008532059212490934,
        "INVALID": 0,
        "MALICIOUS": 0,
        "SANE": 0,
        "VALID": 0,
        "total": 100.00743325471178
    }
}