{
    "counter": {
        "ACTIVE": 180781,
        "INACTIVE": 2,
        "INVALID": 0,
        "MALICIOUS": 0,
        "SANE": 0,
        "VALID": 0,
        "total": 180783
    },
    "percentage": {
        "ACTIVE": 99.99889370128828,
        "INACTIVE": 0.008532059212490934,
        "INVALID": 0,
        "MALICIOUS": 0,
        "SANE": 0,
        "VALID": 0,
        "total": 100.00742576050077
    }
}