{
    "counter": {
        "ACTIVE": 186350,
        "INACTIVE": 2,
        "INVALID": 0,
        "MALICIOUS": 0,
        "SANE": 0,
        "VALID": 0,
        "total": 186352
    },
    "percentage": {
        "ACTIVE": 99.99892676225637,
        "INACTIVE": 0.008532059212490934,
        "INVALID": 0,
        "MALICIOUS": 0,
        "SANE": 0,
        "VALID": 0,
        "total": 100.00745882146886
    }
}