{
    "counter": {
        "ACTIVE": 227179,
        "INACTIVE": 2,
        "INVALID": 0,
        "MALICIOUS": 0,
        "SANE": 0,
        "VALID": 0,
        "total": 227181
    },
    "percentage": {
        "ACTIVE": 99.99911964468859,
        "INACTIVE": 0.008532059212490934,
        "INVALID": 0,
        "MALICIOUS": 0,
        "SANE": 0,
        "VALID": 0,
        "total": 100.00765170390108
    }
}