{
    "counter": {
        "ACTIVE": 235026,
        "INACTIVE": 2,
        "INVALID": 0,
        "MALICIOUS": 0,
        "SANE": 0,
        "VALID": 0,
        "total": 235028
    },
    "percentage": {
        "ACTIVE": 99.99914903756148,
        "INACTIVE": 0.008532059212490934,
        "INVALID": 0,
        "MALICIOUS": 0,
        "SANE": 0,
        "VALID": 0,
        "total": 100.00768109677396
    }
}