{
    "counter": {
        "ACTIVE": 230078,
        "INACTIVE": 2,
        "INVALID": 0,
        "MALICIOUS": 0,
        "SANE": 0,
        "VALID": 0,
        "total": 230080
    },
    "percentage": {
        "ACTIVE": 99.9991307371349,
        "INACTIVE": 0.008532059212490934,
        "INVALID": 0,
        "MALICIOUS": 0,
        "SANE": 0,
        "VALID": 0,
        "total": 100.00766279634739
    }
}