{
    "counter": {
        "ACTIVE": 142805,
        "INACTIVE": 2,
        "INVALID": 0,
        "MALICIOUS": 0,
        "SANE": 0,
        "VALID": 0,
        "total": 142807
    },
    "percentage": {
        "ACTIVE": 99.99859950842746,
        "INACTIVE": 0.008532059212490934,
        "INVALID": 0,
        "MALICIOUS": 0,
        "SANE": 0,
        "VALID": 0,
        "total": 100.00713156763995
    }
}