{
    "counter": {
        "ACTIVE": 137320,
        "INACTIVE": 2,
        "INVALID": 0,
        "MALICIOUS": 0,
        "SANE": 0,
        "VALID": 0,
        "total": 137322
    },
    "percentage": {
        "ACTIVE": 99.9985435691295,
        "INACTIVE": 0.008532059212490934,
        "INVALID": 0,
        "MALICIOUS": 0,
        "SANE": 0,
        "VALID": 0,
        "total": 100.00707562834198
    }
}