{
    "counter": {
        "ACTIVE": 221437,
        "INACTIVE": 2,
        "INVALID": 0,
        "MALICIOUS": 0,
        "SANE": 0,
        "VALID": 0,
        "total": 221439
    },
    "percentage": {
        "ACTIVE": 99.99909681673057,
        "INACTIVE": 0.008532059212490934,
        "INVALID": 0,
        "MALICIOUS": 0,
        "SANE": 0,
        "VALID": 0,
        "total": 100.00762887594306
    }
}