{
    "counter": {
        "ACTIVE": 231685,
        "INACTIVE": 2,
        "INVALID": 0,
        "MALICIOUS": 0,
        "SANE": 0,
        "VALID": 0,
        "total": 231687
    },
    "percentage": {
        "ACTIVE": 99.9991367664133,
        "INACTIVE": 0.008532059212490934,
        "INVALID": 0,
        "MALICIOUS": 0,
        "SANE": 0,
        "VALID": 0,
        "total": 100.00766882562579
    }
}