{
    "counter": {
        "ACTIVE": 118199,
        "INACTIVE": 2,
        "INVALID": 0,
        "MALICIOUS": 0,
        "SANE": 0,
        "VALID": 0,
        "total": 118201
    },
    "percentage": {
        "ACTIVE": 99.99830796693767,
        "INACTIVE": 0.008532059212490934,
        "INVALID": 0,
        "MALICIOUS": 0,
        "SANE": 0,
        "VALID": 0,
        "total": 100.00684002615016
    }
}