{
    "counter": {
        "ACTIVE": 210312,
        "INACTIVE": 2,
        "INVALID": 0,
        "MALICIOUS": 0,
        "SANE": 0,
        "VALID": 0,
        "total": 210314
    },
    "percentage": {
        "ACTIVE": 99.9990490409578,
        "INACTIVE": 0.008532059212490934,
        "INVALID": 0,
        "MALICIOUS": 0,
        "SANE": 0,
        "VALID": 0,
        "total": 100.00758110017028
    }
}