{
    "counter": {
        "ACTIVE": 105330,
        "INACTIVE": 2,
        "INVALID": 0,
        "MALICIOUS": 0,
        "SANE": 0,
        "VALID": 0,
        "total": 105332
    },
    "percentage": {
        "ACTIVE": 99.99810124178786,
        "INACTIVE": 0.008532059212490934,
        "INVALID": 0,
        "MALICIOUS": 0,
        "SANE": 0,
        "VALID": 0,
        "total": 100.00663330100035
    }
}