{
    "counter": {
        "ACTIVE": 91393,
        "INACTIVE": 2,
        "INVALID": 0,
        "MALICIOUS": 0,
        "SANE": 0,
        "VALID": 0,
        "total": 91395
    },
    "percentage": {
        "ACTIVE": 99.9978116964823,
        "INACTIVE": 0.008532059212490934,
        "INVALID": 0,
        "MALICIOUS": 0,
        "SANE": 0,
        "VALID": 0,
        "total": 100.00634375569479
    }
}