{
    "counter": {
        "ACTIVE": 242465,
        "INACTIVE": 2,
        "INVALID": 0,
        "MALICIOUS": 0,
        "SANE": 0,
        "VALID": 0,
        "total": 242467
    },
    "percentage": {
        "ACTIVE": 99.99917514548372,
        "INACTIVE": 0.008532059212490934,
        "INVALID": 0,
        "MALICIOUS": 0,
        "SANE": 0,
        "VALID": 0,
        "total": 100.0077072046962
    }
}