{
    "counter": {
        "ACTIVE": 171996,
        "INACTIVE": 2,
        "INVALID": 0,
        "MALICIOUS": 0,
        "SANE": 0,
        "VALID": 0,
        "total": 171998
    },
    "percentage": {
        "ACTIVE": 99.99883719578135,
        "INACTIVE": 0.008532059212490934,
        "INVALID": 0,
        "MALICIOUS": 0,
        "SANE": 0,
        "VALID": 0,
        "total": 100.00736925499383
    }
}