{
    "counter": {
        "ACTIVE": 114932,
        "INACTIVE": 2,
        "INVALID": 0,
        "MALICIOUS": 0,
        "SANE": 0,
        "VALID": 0,
        "total": 114934
    },
    "percentage": {
        "ACTIVE": 99.99825987088242,
        "INACTIVE": 0.008532059212490934,
        "INVALID": 0,
        "MALICIOUS": 0,
        "SANE": 0,
        "VALID": 0,
        "total": 100.0067919300949
    }
}