{
    "counter": {
        "ACTIVE": 189513,
        "INACTIVE": 2,
        "INVALID": 0,
        "MALICIOUS": 0,
        "SANE": 0,
        "VALID": 0,
        "total": 189515
    },
    "percentage": {
        "ACTIVE": 99.99894467456402,
        "INACTIVE": 0.008532059212490934,
        "INVALID": 0,
        "MALICIOUS": 0,
        "SANE": 0,
        "VALID": 0,
        "total": 100.0074767337765
    }
}