{
    "counter": {
        "ACTIVE": 241090,
        "INACTIVE": 2,
        "INVALID": 0,
        "MALICIOUS": 0,
        "SANE": 0,
        "VALID": 0,
        "total": 241092
    },
    "percentage": {
        "ACTIVE": 99.9991704411594,
        "INACTIVE": 0.008532059212490934,
        "INVALID": 0,
        "MALICIOUS": 0,
        "SANE": 0,
        "VALID": 0,
        "total": 100.00770250037188
    }
}