{
    "counter": {
        "ACTIVE": 137641,
        "INACTIVE": 2,
        "INVALID": 0,
        "MALICIOUS": 0,
        "SANE": 0,
        "VALID": 0,
        "total": 137643
    },
    "percentage": {
        "ACTIVE": 99.99854696570112,
        "INACTIVE": 0.008532059212490934,
        "INVALID": 0,
        "MALICIOUS": 0,
        "SANE": 0,
        "VALID": 0,
        "total": 100.00707902491361
    }
}