{
    "counter": {
        "ACTIVE": 131348,
        "INACTIVE": 2,
        "INVALID": 0,
        "MALICIOUS": 0,
        "SANE": 0,
        "VALID": 0,
        "total": 131350
    },
    "percentage": {
        "ACTIVE": 99.99847735059002,
        "INACTIVE": 0.008532059212490934,
        "INVALID": 0,
        "MALICIOUS": 0,
        "SANE": 0,
        "VALID": 0,
        "total": 100.0070094098025
    }
}