{
    "counter": {
        "ACTIVE": 63853,
        "INACTIVE": 2,
        "INVALID": 0,
        "MALICIOUS": 0,
        "SANE": 0,
        "VALID": 0,
        "total": 63855
    },
    "percentage": {
        "ACTIVE": 99.99686790384465,
        "INACTIVE": 0.008532059212490934,
        "INVALID": 0,
        "MALICIOUS": 0,
        "SANE": 0,
        "VALID": 0,
        "total": 100.00539996305713
    }
}