{
    "counter": {
        "ACTIVE": 116819,
        "INACTIVE": 2,
        "INVALID": 0,
        "MALICIOUS": 0,
        "SANE": 0,
        "VALID": 0,
        "total": 116821
    },
    "percentage": {
        "ACTIVE": 99.99828797904486,
        "INACTIVE": 0.008532059212490934,
        "INVALID": 0,
        "MALICIOUS": 0,
        "SANE": 0,
        "VALID": 0,
        "total": 100.00682003825735
    }
}