{
    "counter": {
        "ACTIVE": 242273,
        "INACTIVE": 2,
        "INVALID": 0,
        "MALICIOUS": 0,
        "SANE": 0,
        "VALID": 0,
        "total": 242275
    },
    "percentage": {
        "ACTIVE": 99.99917449179651,
        "INACTIVE": 0.008532059212490934,
        "INVALID": 0,
        "MALICIOUS": 0,
        "SANE": 0,
        "VALID": 0,
        "total": 100.007706551009
    }
}