{
    "counter": {
        "ACTIVE": 206183,
        "INACTIVE": 2,
        "INVALID": 0,
        "MALICIOUS": 0,
        "SANE": 0,
        "VALID": 0,
        "total": 206185
    },
    "percentage": {
        "ACTIVE": 99.9990299973325,
        "INACTIVE": 0.008532059212490934,
        "INVALID": 0,
        "MALICIOUS": 0,
        "SANE": 0,
        "VALID": 0,
        "total": 100.00756205654498
    }
}