{
    "counter": {
        "ACTIVE": 58493,
        "INACTIVE": 2,
        "INVALID": 0,
        "MALICIOUS": 0,
        "SANE": 0,
        "VALID": 0,
        "total": 58495
    },
    "percentage": {
        "ACTIVE": 99.9965809043508,
        "INACTIVE": 0.008532059212490934,
        "INVALID": 0,
        "MALICIOUS": 0,
        "SANE": 0,
        "VALID": 0,
        "total": 100.00511296356328
    }
}