{
    "counter": {
        "ACTIVE": 114580,
        "INACTIVE": 2,
        "INVALID": 0,
        "MALICIOUS": 0,
        "SANE": 0,
        "VALID": 0,
        "total": 114582
    },
    "percentage": {
        "ACTIVE": 99.99825452514357,
        "INACTIVE": 0.008532059212490934,
        "INVALID": 0,
        "MALICIOUS": 0,
        "SANE": 0,
        "VALID": 0,
        "total": 100.00678658435605
    }
}