{
    "counter": {
        "ACTIVE": 127026,
        "INACTIVE": 2,
        "INVALID": 0,
        "MALICIOUS": 0,
        "SANE": 0,
        "VALID": 0,
        "total": 127028
    },
    "percentage": {
        "ACTIVE": 99.99842554397456,
        "INACTIVE": 0.008532059212490934,
        "INVALID": 0,
        "MALICIOUS": 0,
        "SANE": 0,
        "VALID": 0,
        "total": 100.00695760318705
    }
}