{
    "counter": {
        "ACTIVE": 246814,
        "INACTIVE": 2,
        "INVALID": 0,
        "MALICIOUS": 0,
        "SANE": 0,
        "VALID": 0,
        "total": 246816
    },
    "percentage": {
        "ACTIVE": 99.99918967976144,
        "INACTIVE": 0.008532059212490934,
        "INVALID": 0,
        "MALICIOUS": 0,
        "SANE": 0,
        "VALID": 0,
        "total": 100.00772173897393
    }
}