{
    "counter": {
        "ACTIVE": 94724,
        "INACTIVE": 2,
        "INVALID": 0,
        "MALICIOUS": 0,
        "SANE": 0,
        "VALID": 0,
        "total": 94726
    },
    "percentage": {
        "ACTIVE": 99.9978886472563,
        "INACTIVE": 0.008532059212490934,
        "INVALID": 0,
        "MALICIOUS": 0,
        "SANE": 0,
        "VALID": 0,
        "total": 100.00642070646879
    }
}