{
    "counter": {
        "ACTIVE": 238227,
        "INACTIVE": 2,
        "INVALID": 0,
        "MALICIOUS": 0,
        "SANE": 0,
        "VALID": 0,
        "total": 238229
    },
    "percentage": {
        "ACTIVE": 99.99916047164703,
        "INACTIVE": 0.008532059212490934,
        "INVALID": 0,
        "MALICIOUS": 0,
        "SANE": 0,
        "VALID": 0,
        "total": 100.00769253085952
    }
}