{
    "counter": {
        "ACTIVE": 98690,
        "INACTIVE": 2,
        "INVALID": 0,
        "MALICIOUS": 0,
        "SANE": 0,
        "VALID": 0,
        "total": 98692
    },
    "percentage": {
        "ACTIVE": 99.99797349329226,
        "INACTIVE": 0.008532059212490934,
        "INVALID": 0,
        "MALICIOUS": 0,
        "SANE": 0,
        "VALID": 0,
        "total": 100.00650555250475
    }
}