{
    "counter": {
        "ACTIVE": 141131,
        "INACTIVE": 2,
        "INVALID": 0,
        "MALICIOUS": 0,
        "SANE": 0,
        "VALID": 0,
        "total": 141133
    },
    "percentage": {
        "ACTIVE": 99.99858289698369,
        "INACTIVE": 0.008532059212490934,
        "INVALID": 0,
        "MALICIOUS": 0,
        "SANE": 0,
        "VALID": 0,
        "total": 100.00711495619618
    }
}