{
    "counter": {
        "ACTIVE": 244567,
        "INACTIVE": 2,
        "INVALID": 0,
        "MALICIOUS": 0,
        "SANE": 0,
        "VALID": 0,
        "total": 244569
    },
    "percentage": {
        "ACTIVE": 99.99918223487032,
        "INACTIVE": 0.008532059212490934,
        "INVALID": 0,
        "MALICIOUS": 0,
        "SANE": 0,
        "VALID": 0,
        "total": 100.0077142940828
    }
}