{
    "counter": {
        "ACTIVE": 196609,
        "INACTIVE": 2,
        "INVALID": 0,
        "MALICIOUS": 0,
        "SANE": 0,
        "VALID": 0,
        "total": 196611
    },
    "percentage": {
        "ACTIVE": 99.99898276291763,
        "INACTIVE": 0.008532059212490934,
        "INVALID": 0,
        "MALICIOUS": 0,
        "SANE": 0,
        "VALID": 0,
        "total": 100.00751482213012
    }
}