{
    "counter": {
        "ACTIVE": 117614,
        "INACTIVE": 2,
        "INVALID": 0,
        "MALICIOUS": 0,
        "SANE": 0,
        "VALID": 0,
        "total": 117616
    },
    "percentage": {
        "ACTIVE": 99.99829955108149,
        "INACTIVE": 0.008532059212490934,
        "INVALID": 0,
        "MALICIOUS": 0,
        "SANE": 0,
        "VALID": 0,
        "total": 100.00683161029397
    }
}