{
    "counter": {
        "ACTIVE": 83405,
        "INACTIVE": 2,
        "INVALID": 0,
        "MALICIOUS": 0,
        "SANE": 0,
        "VALID": 0,
        "total": 83407
    },
    "percentage": {
        "ACTIVE": 99.99760211972617,
        "INACTIVE": 0.008532059212490934,
        "INVALID": 0,
        "MALICIOUS": 0,
        "SANE": 0,
        "VALID": 0,
        "total": 100.00613417893865
    }
}