{
    "counter": {
        "ACTIVE": 111593,
        "INACTIVE": 2,
        "INVALID": 0,
        "MALICIOUS": 0,
        "SANE": 0,
        "VALID": 0,
        "total": 111595
    },
    "percentage": {
        "ACTIVE": 99.99820780500919,
        "INACTIVE": 0.008532059212490934,
        "INVALID": 0,
        "MALICIOUS": 0,
        "SANE": 0,
        "VALID": 0,
        "total": 100.00673986422167
    }
}