{
    "counter": {
        "ACTIVE": 236666,
        "INACTIVE": 2,
        "INVALID": 0,
        "MALICIOUS": 0,
        "SANE": 0,
        "VALID": 0,
        "total": 236668
    },
    "percentage": {
        "ACTIVE": 99.99915493433839,
        "INACTIVE": 0.008532059212490934,
        "INVALID": 0,
        "MALICIOUS": 0,
        "SANE": 0,
        "VALID": 0,
        "total": 100.00768699355088
    }
}