{
    "counter": {
        "ACTIVE": 98188,
        "INACTIVE": 2,
        "INVALID": 0,
        "MALICIOUS": 0,
        "SANE": 0,
        "VALID": 0,
        "total": 98190
    },
    "percentage": {
        "ACTIVE": 99.9979631327019,
        "INACTIVE": 0.008532059212490934,
        "INVALID": 0,
        "MALICIOUS": 0,
        "SANE": 0,
        "VALID": 0,
        "total": 100.00649519191438
    }
}