{
    "counter": {
        "ACTIVE": 1911,
        "INACTIVE": 22,
        "INVALID": 0,
        "MALICIOUS": 0,
        "SANE": 0,
        "VALID": 0,
        "total": 1933
    },
    "percentage": {
        "ACTIVE": 98.86187273667873,
        "INACTIVE": 1.1609498680738786,
        "INVALID": 0,
        "MALICIOUS": 0,
        "SANE": 0,
        "VALID": 0,
        "total": 100.02282260475262
    }
}