{
    "counter": {
        "ACTIVE": 1218,
        "INACTIVE": 868,
        "INVALID": 1,
        "MALICIOUS": 0,
        "SANE": 0,
        "VALID": 0,
        "total": 2087
    },
    "percentage": {
        "ACTIVE": 58.36128413991375,
        "INACTIVE": 41.61073825503356,
        "INVALID": 0.3875968992248062,
        "MALICIOUS": 0,
        "SANE": 0,
        "VALID": 0,
        "total": 100.35961929417212
    }
}