{
    "counter": {
        "ACTIVE": 214615,
        "INACTIVE": 2,
        "INVALID": 0,
        "MALICIOUS": 0,
        "SANE": 0,
        "VALID": 0,
        "total": 214617
    },
    "percentage": {
        "ACTIVE": 99.99906810737266,
        "INACTIVE": 0.008532059212490934,
        "INVALID": 0,
        "MALICIOUS": 0,
        "SANE": 0,
        "VALID": 0,
        "total": 100.00760016658515
    }
}