{
    "counter": {
        "ACTIVE": 1122,
        "INACTIVE": 3,
        "INVALID": 0,
        "MALICIOUS": 0,
        "SANE": 0,
        "VALID": 0,
        "total": 1125
    },
    "percentage": {
        "ACTIVE": 99.73333333333333,
        "INACTIVE": 0.36585365853658536,
        "INVALID": 0,
        "MALICIOUS": 0,
        "SANE": 0,
        "VALID": 0,
        "total": 100.09918699186991
    }
}