{
    "counter": {
        "ACTIVE": 1158,
        "INACTIVE": 815,
        "INVALID": 1,
        "MALICIOUS": 0,
        "SANE": 0,
        "VALID": 0,
        "total": 1974
    },
    "percentage": {
        "ACTIVE": 58.66261398176292,
        "INACTIVE": 41.43365531265887,
        "INVALID": 0.3875968992248062,
        "MALICIOUS": 0,
        "SANE": 0,
        "VALID": 0,
        "total": 100.48386619364659
    }
}