{
    "counter": {
        "ACTIVE": 186121,
        "INACTIVE": 2,
        "INVALID": 0,
        "MALICIOUS": 0,
        "SANE": 0,
        "VALID": 0,
        "total": 186123
    },
    "percentage": {
        "ACTIVE": 99.99892544177774,
        "INACTIVE": 0.008532059212490934,
        "INVALID": 0,
        "MALICIOUS": 0,
        "SANE": 0,
        "VALID": 0,
        "total": 100.00745750099023
    }
}