{
    "counter": {
        "ACTIVE": 133715,
        "INACTIVE": 2,
        "INVALID": 0,
        "MALICIOUS": 0,
        "SANE": 0,
        "VALID": 0,
        "total": 133717
    },
    "percentage": {
        "ACTIVE": 99.99850430386563,
        "INACTIVE": 0.008532059212490934,
        "INVALID": 0,
        "MALICIOUS": 0,
        "SANE": 0,
        "VALID": 0,
        "total": 100.00703636307811
    }
}