{
    "counter": {
        "ACTIVE": 1786,
        "INACTIVE": 3,
        "INVALID": 0,
        "MALICIOUS": 0,
        "SANE": 0,
        "VALID": 0,
        "total": 1789
    },
    "percentage": {
        "ACTIVE": 99.83230855226384,
        "INACTIVE": 0.20215633423180593,
        "INVALID": 0,
        "MALICIOUS": 0,
        "SANE": 0,
        "VALID": 0,
        "total": 100.03446488649564
    }
}