{
    "counter": {
        "ACTIVE": 150488,
        "INACTIVE": 2,
        "INVALID": 0,
        "MALICIOUS": 0,
        "SANE": 0,
        "VALID": 0,
        "total": 150490
    },
    "percentage": {
        "ACTIVE": 99.9986710080404,
        "INACTIVE": 0.008532059212490934,
        "INVALID": 0,
        "MALICIOUS": 0,
        "SANE": 0,
        "VALID": 0,
        "total": 100.00720306725289
    }
}