{
    "counter": {
        "ACTIVE": 147,
        "INACTIVE": 1,
        "INVALID": 0,
        "MALICIOUS": 0,
        "SANE": 0,
        "VALID": 0,
        "total": 148
    },
    "percentage": {
        "ACTIVE": 99.32432432432432,
        "INACTIVE": 1.0526315789473684,
        "INVALID": 0,
        "MALICIOUS": 0,
        "SANE": 0,
        "VALID": 0,
        "total": 100.37695590327169
    }
}