{
    "counter": {
        "ACTIVE": 776,
        "INACTIVE": 540,
        "INVALID": 1,
        "MALICIOUS": 0,
        "SANE": 0,
        "VALID": 0,
        "total": 1317
    },
    "percentage": {
        "ACTIVE": 59.1012947448591,
        "INACTIVE": 41.00227790432802,
        "INVALID": 0.3875968992248062,
        "MALICIOUS": 0,
        "SANE": 0,
        "VALID": 0,
        "total": 100.49116954841193
    }
}