{
    "counter": {
        "ACTIVE": 160345,
        "INACTIVE": 2,
        "INVALID": 0,
        "MALICIOUS": 0,
        "SANE": 0,
        "VALID": 0,
        "total": 160347
    },
    "percentage": {
        "ACTIVE": 99.99875270507087,
        "INACTIVE": 0.008532059212490934,
        "INVALID": 0,
        "MALICIOUS": 0,
        "SANE": 0,
        "VALID": 0,
        "total": 100.00728476428336
    }
}