{
    "counter": {
        "ACTIVE": 1405,
        "INACTIVE": 1088,
        "INVALID": 1,
        "MALICIOUS": 0,
        "SANE": 0,
        "VALID": 0,
        "total": 2494
    },
    "percentage": {
        "ACTIVE": 56.38041733547352,
        "INACTIVE": 43.62469927826784,
        "INVALID": 0.3875968992248062,
        "MALICIOUS": 0,
        "SANE": 0,
        "VALID": 0,
        "total": 100.39271351296617
    }
}