{
    "counter": {
        "ACTIVE": 160922,
        "INACTIVE": 2,
        "INVALID": 0,
        "MALICIOUS": 0,
        "SANE": 0,
        "VALID": 0,
        "total": 160924
    },
    "percentage": {
        "ACTIVE": 99.99875717730109,
        "INACTIVE": 0.008532059212490934,
        "INVALID": 0,
        "MALICIOUS": 0,
        "SANE": 0,
        "VALID": 0,
        "total": 100.00728923651357
    }
}