{
    "counter": {
        "ACTIVE": 158408,
        "INACTIVE": 2,
        "INVALID": 0,
        "MALICIOUS": 0,
        "SANE": 0,
        "VALID": 0,
        "total": 158410
    },
    "percentage": {
        "ACTIVE": 99.9987374534436,
        "INACTIVE": 0.008532059212490934,
        "INVALID": 0,
        "MALICIOUS": 0,
        "SANE": 0,
        "VALID": 0,
        "total": 100.00726951265608
    }
}