{
    "counter": {
        "ACTIVE": 148681,
        "INACTIVE": 2,
        "INVALID": 0,
        "MALICIOUS": 0,
        "SANE": 0,
        "VALID": 0,
        "total": 148683
    },
    "percentage": {
        "ACTIVE": 99.99865485630502,
        "INACTIVE": 0.008532059212490934,
        "INVALID": 0,
        "MALICIOUS": 0,
        "SANE": 0,
        "VALID": 0,
        "total": 100.00718691551751
    }
}