{
    "counter": {
        "ACTIVE": 165598,
        "INACTIVE": 2,
        "INVALID": 0,
        "MALICIOUS": 0,
        "SANE": 0,
        "VALID": 0,
        "total": 165600
    },
    "percentage": {
        "ACTIVE": 99.9987922705314,
        "INACTIVE": 0.008532059212490934,
        "INVALID": 0,
        "MALICIOUS": 0,
        "SANE": 0,
        "VALID": 0,
        "total": 100.00732432974388
    }
}