{
    "counter": {
        "ACTIVE": 109973,
        "INACTIVE": 2,
        "INVALID": 0,
        "MALICIOUS": 0,
        "SANE": 0,
        "VALID": 0,
        "total": 109975
    },
    "percentage": {
        "ACTIVE": 99.99818140486474,
        "INACTIVE": 0.008532059212490934,
        "INVALID": 0,
        "MALICIOUS": 0,
        "SANE": 0,
        "VALID": 0,
        "total": 100.00671346407722
    }
}