{
    "counter": {
        "ACTIVE": 226775,
        "INACTIVE": 2,
        "INVALID": 0,
        "MALICIOUS": 0,
        "SANE": 0,
        "VALID": 0,
        "total": 226777
    },
    "percentage": {
        "ACTIVE": 99.99911807634813,
        "INACTIVE": 0.008532059212490934,
        "INVALID": 0,
        "MALICIOUS": 0,
        "SANE": 0,
        "VALID": 0,
        "total": 100.00765013556061
    }
}