{
    "counter": {
        "ACTIVE": 177896,
        "INACTIVE": 2,
        "INVALID": 0,
        "MALICIOUS": 0,
        "SANE": 0,
        "VALID": 0,
        "total": 177898
    },
    "percentage": {
        "ACTIVE": 99.99887576026713,
        "INACTIVE": 0.008532059212490934,
        "INVALID": 0,
        "MALICIOUS": 0,
        "SANE": 0,
        "VALID": 0,
        "total": 100.00740781947961
    }
}