{
    "counter": {
        "ACTIVE": 153170,
        "INACTIVE": 2,
        "INVALID": 0,
        "MALICIOUS": 0,
        "SANE": 0,
        "VALID": 0,
        "total": 153172
    },
    "percentage": {
        "ACTIVE": 99.99869427832763,
        "INACTIVE": 0.008532059212490934,
        "INVALID": 0,
        "MALICIOUS": 0,
        "SANE": 0,
        "VALID": 0,
        "total": 100.00722633754012
    }
}