{
    "counter": {
        "ACTIVE": 191636,
        "INACTIVE": 2,
        "INVALID": 0,
        "MALICIOUS": 0,
        "SANE": 0,
        "VALID": 0,
        "total": 191638
    },
    "percentage": {
        "ACTIVE": 99.99895636564773,
        "INACTIVE": 0.008532059212490934,
        "INVALID": 0,
        "MALICIOUS": 0,
        "SANE": 0,
        "VALID": 0,
        "total": 100.00748842486021
    }
}