{
    "counter": {
        "ACTIVE": 230795,
        "INACTIVE": 2,
        "INVALID": 0,
        "MALICIOUS": 0,
        "SANE": 0,
        "VALID": 0,
        "total": 230797
    },
    "percentage": {
        "ACTIVE": 99.99913343760967,
        "INACTIVE": 0.008532059212490934,
        "INVALID": 0,
        "MALICIOUS": 0,
        "SANE": 0,
        "VALID": 0,
        "total": 100.00766549682216
    }
}