{
    "counter": {
        "ACTIVE": 135773,
        "INACTIVE": 2,
        "INVALID": 0,
        "MALICIOUS": 0,
        "SANE": 0,
        "VALID": 0,
        "total": 135775
    },
    "percentage": {
        "ACTIVE": 99.99852697477445,
        "INACTIVE": 0.008532059212490934,
        "INVALID": 0,
        "MALICIOUS": 0,
        "SANE": 0,
        "VALID": 0,
        "total": 100.00705903398693
    }
}