{
    "counter": {
        "ACTIVE": 210450,
        "INACTIVE": 2,
        "INVALID": 0,
        "MALICIOUS": 0,
        "SANE": 0,
        "VALID": 0,
        "total": 210452
    },
    "percentage": {
        "ACTIVE": 99.99904966453158,
        "INACTIVE": 0.008532059212490934,
        "INVALID": 0,
        "MALICIOUS": 0,
        "SANE": 0,
        "VALID": 0,
        "total": 100.00758172374407
    }
}