{
    "counter": {
        "ACTIVE": 148,
        "INACTIVE": 3,
        "INVALID": 0,
        "MALICIOUS": 0,
        "SANE": 0,
        "VALID": 0,
        "total": 151
    },
    "percentage": {
        "ACTIVE": 99.32885906040268,
        "INACTIVE": 1.9867549668874172,
        "INVALID": 0,
        "MALICIOUS": 0,
        "SANE": 0,
        "VALID": 0,
        "total": 101.3156140272901
    }
}