{
    "counter": {
        "ACTIVE": 1913,
        "INACTIVE": 60,
        "INVALID": 0,
        "MALICIOUS": 0,
        "SANE": 0,
        "VALID": 0,
        "total": 1973
    },
    "percentage": {
        "ACTIVE": 96.9589457678662,
        "INACTIVE": 3.51288056206089,
        "INVALID": 0,
        "MALICIOUS": 0,
        "SANE": 0,
        "VALID": 0,
        "total": 100.47182632992708
    }
}