{
    "counter": {
        "ACTIVE": 99875,
        "INACTIVE": 2,
        "INVALID": 0,
        "MALICIOUS": 0,
        "SANE": 0,
        "VALID": 0,
        "total": 99877
    },
    "percentage": {
        "ACTIVE": 99.99799753697047,
        "INACTIVE": 0.008532059212490934,
        "INVALID": 0,
        "MALICIOUS": 0,
        "SANE": 0,
        "VALID": 0,
        "total": 100.00652959618296
    }
}