{
    "counter": {
        "ACTIVE": 209947,
        "INACTIVE": 2,
        "INVALID": 0,
        "MALICIOUS": 0,
        "SANE": 0,
        "VALID": 0,
        "total": 209949
    },
    "percentage": {
        "ACTIVE": 99.99904738769892,
        "INACTIVE": 0.008532059212490934,
        "INVALID": 0,
        "MALICIOUS": 0,
        "SANE": 0,
        "VALID": 0,
        "total": 100.00757944691141
    }
}