{
    "counter": {
        "ACTIVE": 182434,
        "INACTIVE": 2,
        "INVALID": 0,
        "MALICIOUS": 0,
        "SANE": 0,
        "VALID": 0,
        "total": 182436
    },
    "percentage": {
        "ACTIVE": 99.99890372514197,
        "INACTIVE": 0.008532059212490934,
        "INVALID": 0,
        "MALICIOUS": 0,
        "SANE": 0,
        "VALID": 0,
        "total": 100.00743578435446
    }
}