{
    "counter": {
        "ACTIVE": 187996,
        "INACTIVE": 2,
        "INVALID": 0,
        "MALICIOUS": 0,
        "SANE": 0,
        "VALID": 0,
        "total": 187998
    },
    "percentage": {
        "ACTIVE": 99.9989361588953,
        "INACTIVE": 0.008532059212490934,
        "INVALID": 0,
        "MALICIOUS": 0,
        "SANE": 0,
        "VALID": 0,
        "total": 100.00746821810779
    }
}