{
    "counter": {
        "ACTIVE": 190686,
        "INACTIVE": 2,
        "INVALID": 0,
        "MALICIOUS": 0,
        "SANE": 0,
        "VALID": 0,
        "total": 190688
    },
    "percentage": {
        "ACTIVE": 99.99895116630307,
        "INACTIVE": 0.008532059212490934,
        "INVALID": 0,
        "MALICIOUS": 0,
        "SANE": 0,
        "VALID": 0,
        "total": 100.00748322551556
    }
}