{
    "counter": {
        "ACTIVE": 140079,
        "INACTIVE": 2,
        "INVALID": 0,
        "MALICIOUS": 0,
        "SANE": 0,
        "VALID": 0,
        "total": 140081
    },
    "percentage": {
        "ACTIVE": 99.99857225462411,
        "INACTIVE": 0.008532059212490934,
        "INVALID": 0,
        "MALICIOUS": 0,
        "SANE": 0,
        "VALID": 0,
        "total": 100.00710431383659
    }
}