{
    "counter": {
        "ACTIVE": 120496,
        "INACTIVE": 2,
        "INVALID": 0,
        "MALICIOUS": 0,
        "SANE": 0,
        "VALID": 0,
        "total": 120498
    },
    "percentage": {
        "ACTIVE": 99.99834022141447,
        "INACTIVE": 0.008532059212490934,
        "INVALID": 0,
        "MALICIOUS": 0,
        "SANE": 0,
        "VALID": 0,
        "total": 100.00687228062695
    }
}