{
    "counter": {
        "ACTIVE": 247615,
        "INACTIVE": 2,
        "INVALID": 0,
        "MALICIOUS": 0,
        "SANE": 0,
        "VALID": 0,
        "total": 247617
    },
    "percentage": {
        "ACTIVE": 99.99919230101325,
        "INACTIVE": 0.008532059212490934,
        "INVALID": 0,
        "MALICIOUS": 0,
        "SANE": 0,
        "VALID": 0,
        "total": 100.00772436022574
    }
}