{
    "counter": {
        "ACTIVE": 247563,
        "INACTIVE": 2,
        "INVALID": 0,
        "MALICIOUS": 0,
        "SANE": 0,
        "VALID": 0,
        "total": 247565
    },
    "percentage": {
        "ACTIVE": 99.99919213135944,
        "INACTIVE": 0.008532059212490934,
        "INVALID": 0,
        "MALICIOUS": 0,
        "SANE": 0,
        "VALID": 0,
        "total": 100.00772419057192
    }
}