{
    "counter": {
        "ACTIVE": 229179,
        "INACTIVE": 2,
        "INVALID": 0,
        "MALICIOUS": 0,
        "SANE": 0,
        "VALID": 0,
        "total": 229181
    },
    "percentage": {
        "ACTIVE": 99.99912732730898,
        "INACTIVE": 0.008532059212490934,
        "INVALID": 0,
        "MALICIOUS": 0,
        "SANE": 0,
        "VALID": 0,
        "total": 100.00765938652147
    }
}