{
    "counter": {
        "ACTIVE": 1555,
        "INACTIVE": 1243,
        "INVALID": 1,
        "MALICIOUS": 0,
        "SANE": 0,
        "VALID": 0,
        "total": 2799
    },
    "percentage": {
        "ACTIVE": 55.57541100786276,
        "INACTIVE": 44.408717399071094,
        "INVALID": 0.3875968992248062,
        "MALICIOUS": 0,
        "SANE": 0,
        "VALID": 0,
        "total": 100.37172530615865
    }
}