{
    "counter": {
        "ACTIVE": 151872,
        "INACTIVE": 2,
        "INVALID": 0,
        "MALICIOUS": 0,
        "SANE": 0,
        "VALID": 0,
        "total": 151874
    },
    "percentage": {
        "ACTIVE": 99.9986831189012,
        "INACTIVE": 0.008532059212490934,
        "INVALID": 0,
        "MALICIOUS": 0,
        "SANE": 0,
        "VALID": 0,
        "total": 100.00721517811368
    }
}