{
    "counter": {
        "ACTIVE": 72456,
        "INACTIVE": 2,
        "INVALID": 0,
        "MALICIOUS": 0,
        "SANE": 0,
        "VALID": 0,
        "total": 72458
    },
    "percentage": {
        "ACTIVE": 99.9972397802865,
        "INACTIVE": 0.008532059212490934,
        "INVALID": 0,
        "MALICIOUS": 0,
        "SANE": 0,
        "VALID": 0,
        "total": 100.00577183949899
    }
}