{
    "counter": {
        "ACTIVE": 208188,
        "INACTIVE": 2,
        "INVALID": 0,
        "MALICIOUS": 0,
        "SANE": 0,
        "VALID": 0,
        "total": 208190
    },
    "percentage": {
        "ACTIVE": 99.99903933906528,
        "INACTIVE": 0.008532059212490934,
        "INVALID": 0,
        "MALICIOUS": 0,
        "SANE": 0,
        "VALID": 0,
        "total": 100.00757139827776
    }
}