{
    "counter": {
        "ACTIVE": 228744,
        "INACTIVE": 2,
        "INVALID": 0,
        "MALICIOUS": 0,
        "SANE": 0,
        "VALID": 0,
        "total": 228746
    },
    "percentage": {
        "ACTIVE": 99.99912566777124,
        "INACTIVE": 0.008532059212490934,
        "INVALID": 0,
        "MALICIOUS": 0,
        "SANE": 0,
        "VALID": 0,
        "total": 100.00765772698372
    }
}