{
    "counter": {
        "BUZINESSWARE": 1,
        "Communigal Communications Ltd.": 1,
        "DYNADOT, LLC": 1,
        "Dynadot LLC": 4,
        "Gabia, Inc.": 1,
        "GoDaddy.com, LLC": 3,
        "Name.com, Inc.": 1,
        "NameCheap, Inc.": 13,
        "NameSilo, LLC": 1,
        "Porkbun": 2,
        "total": 28
    },
    "percentage": {
        "BUZINESSWARE": 3.5714285714285716,
        "Communigal Communications Ltd.": 3.5714285714285716,
        "DYNADOT, LLC": 3.5714285714285716,
        "Dynadot LLC": 14.285714285714286,
        "Gabia, Inc.": 3.5714285714285716,
        "GoDaddy.com, LLC": 10.714285714285714,
        "Name.com, Inc.": 3.5714285714285716,
        "NameCheap, Inc.": 46.42857142857143,
        "NameSilo, LLC": 3.5714285714285716,
        "Porkbun": 7.142857142857143,
        "total": 100.0
    }
}