{
    "counter": {
        "BUZINESSWARE": 2,
        "Communigal Communications Ltd.": 1,
        "Dynadot LLC": 2,
        "NameCheap, Inc.": 2,
        "total": 7
    },
    "percentage": {
        "BUZINESSWARE": 28.571428571428573,
        "Communigal Communications Ltd.": 14.285714285714286,
        "Dynadot LLC": 28.571428571428573,
        "NameCheap, Inc.": 28.571428571428573,
        "total": 100.0
    }
}