{
    "counter": {
        "BUZINESSWARE": 1,
        "Communigal Communications Ltd.": 1,
        "DYNADOT, LLC": 1,
        "Dynadot LLC": 4,
        "Gabia, Inc.": 1,
        "GoDaddy.com, LLC": 3,
        "Name.com, Inc.": 1,
        "NameCheap, Inc.": 14,
        "NameSilo, LLC": 1,
        "Porkbun": 2,
        "total": 29
    },
    "percentage": {
        "BUZINESSWARE": 3.4482758620689653,
        "Communigal Communications Ltd.": 3.4482758620689653,
        "DYNADOT, LLC": 3.4482758620689653,
        "Dynadot LLC": 13.793103448275861,
        "Gabia, Inc.": 3.4482758620689653,
        "GoDaddy.com, LLC": 10.344827586206897,
        "Name.com, Inc.": 3.4482758620689653,
        "NameCheap, Inc.": 48.275862068965516,
        "NameSilo, LLC": 3.4482758620689653,
        "Porkbun": 6.896551724137931,
        "total": 100.00000000000001
    }
}